record_id,patient_id,visit_id,record_type,chapter_id,chapter_name,chapter_order,created_time,modified_time,author_id,business_time
R0CC79A5E,P93533,V718294,入院,R0CC79A5E_C1,入院记录,1,2026-02-04 07:24:35,2026-02-04 07:44:35,骨科_5326,2026-02-04 08:24:35
R0CC79A5E,P93533,V718294,入院,R0CC79A5E_C2,首次病程,2,2026-02-05 07:24:35,2026-02-05 07:48:35,麻醉_5060,2026-02-04 08:24:35
R0CC79A5E,P93533,V718294,入院,R0CC79A5E_C3,日常病程,3,2026-02-05 21:54:35,2026-02-05 22:43:35,骨科_9549,2026-02-04 08:24:35
R0CC79A5E,P93533,V718294,入院,R0CC79A5E_C4,手术记录,4,2026-02-06 08:24:35,2026-02-06 08:36:35,神外_5318,2026-02-04 08:24:35
R0CC79A5E,P93533,V718294,入院,R0CC79A5E_C5,麻醉记录,5,2026-02-05 02:54:35,2026-02-05 03:24:35,神外_4141,2026-02-04 08:24:35
R0CC79A5E,P93533,V718294,入院,R0CC79A5E_C6,术后病程,6,2026-02-05 11:24:35,2026-02-05 11:45:35,ICU_9939,2026-02-04 08:24:35
R0CC79A5E,P93533,V718294,入院,R0CC79A5E_C7,出院记录,7,2026-02-05 18:54:35,2026-02-05 19:51:35,儿科_2610,2026-02-04 08:24:35
R0CC79A5E,P93533,V718294,入院,R0CC79A5E_C8,知情同意,8,2026-02-06 12:24:35,2026-02-06 12:33:35,妇产_6672,2026-02-04 08:24:35
R154C2708,P28257,V326282,普通,R154C2708_C1,入院记录,1,2026-01-16 15:42:13,2026-01-16 16:11:13,骨科_1922,2026-01-16 17:42:13
R154C2708,P28257,V326282,普通,R154C2708_C2,首次病程,2,2026-01-18 15:42:13,2026-01-18 16:35:13,心内_5890,2026-01-16 17:42:13
R154C2708,P28257,V326282,普通,R154C2708_C3,日常病程,3,2026-01-18 01:12:13,2026-01-18 01:43:13,骨科_2287,2026-01-16 17:42:13
R154C2708,P28257,V326282,普通,R154C2708_C4,手术记录,4,2026-01-17 03:42:13,2026-01-17 04:18:13,妇产_7088,2026-01-16 17:42:13
R154C2708,P28257,V326282,普通,R154C2708_C5,麻醉记录,5,2026-01-17 00:12:13,2026-01-17 00:26:13,妇产_4323,2026-01-16 17:42:13
R154C2708,P28257,V326282,普通,R154C2708_C6,术后病程,6,2026-01-17 11:42:13,2026-01-17 11:49:13,麻醉_1593,2026-01-16 17:42:13
R154C2708,P28257,V326282,普通,R154C2708_C7,出院记录,7,2026-01-18 06:12:13,2026-01-18 06:30:13,神外_3708,2026-01-16 17:42:13
R154C2708,P28257,V326282,普通,R154C2708_C8,知情同意,8,2026-01-18 19:42:13,2026-01-18 20:38:13,急诊_6405,2026-01-16 17:42:13
RB4CC967A,P14985,V613641,普通,RB4CC967A_C1,入院记录,1,2026-02-22 08:56:36,2026-02-22 09:02:36,麻醉_3569,2026-02-22 10:56:36
RB4CC967A,P14985,V613641,普通,RB4CC967A_C2,首次病程,2,2026-02-24 02:56:36,2026-02-24 03:01:36,ICU_6780,2026-02-22 10:56:36
RB4CC967A,P14985,V613641,普通,RB4CC967A_C3,日常病程,3,2026-02-23 12:26:36,2026-02-23 13:14:36,心内_2050,2026-02-22 10:56:36
RB4CC967A,P14985,V613641,普通,RB4CC967A_C4,手术记录,4,2026-02-23 10:56:36,2026-02-23 11:49:36,急诊_5618,2026-02-22 10:56:36
RB4CC967A,P14985,V613641,普通,RB4CC967A_C5,麻醉记录,5,2026-02-23 13:26:36,2026-02-23 14:25:36,神外_5746,2026-02-22 10:56:36
RB4CC967A,P14985,V613641,普通,RB4CC967A_C6,术后病程,6,2026-02-22 19:56:36,2026-02-22 20:43:36,检验_6586,2026-02-22 10:56:36
RB4CC967A,P14985,V613641,普通,RB4CC967A_C7,出院记录,7,2026-02-22 23:26:36,2026-02-23 00:02:36,妇产_6852,2026-02-22 10:56:36
RB4CC967A,P14985,V613641,普通,RB4CC967A_C8,知情同意,8,2026-02-24 14:56:36,2026-02-24 15:38:36,麻醉_7777,2026-02-22 10:56:36
R2CE9566F,P79563,V943653,普通,R2CE9566F_C1,入院记录,1,2026-03-16 07:00:46,2026-03-16 07:09:46,放射_6324,2026-03-16 08:00:46
R2CE9566F,P79563,V943653,普通,R2CE9566F_C2,首次病程,2,2026-03-17 10:00:46,2026-03-17 10:57:46,急诊_9269,2026-03-16 08:00:46
R2CE9566F,P79563,V943653,普通,R2CE9566F_C3,日常病程,3,2026-03-17 14:30:46,2026-03-17 15:04:46,麻醉_5334,2026-03-16 08:00:46
R2CE9566F,P79563,V943653,普通,R2CE9566F_C4,手术记录,4,2026-03-16 21:00:46,2026-03-16 21:24:46,放射_4709,2026-03-16 08:00:46
R2CE9566F,P79563,V943653,普通,R2CE9566F_C5,麻醉记录,5,2026-03-17 05:30:46,2026-03-17 06:19:46,麻醉_5653,2026-03-16 08:00:46
R2CE9566F,P79563,V943653,普通,R2CE9566F_C6,术后病程,6,2026-03-17 07:00:46,2026-03-17 07:36:46,ICU_7404,2026-03-16 08:00:46
R2CE9566F,P79563,V943653,普通,R2CE9566F_C7,出院记录,7,2026-03-17 05:30:46,2026-03-17 06:05:46,妇产_7598,2026-03-16 08:00:46
R2CE9566F,P79563,V943653,普通,R2CE9566F_C8,知情同意,8,2026-03-17 04:00:46,2026-03-17 04:45:46,骨科_4985,2026-03-16 08:00:46
R0DD47D01,P75935,V611495,手术,R0DD47D01_C1,入院记录,1,2026-01-08 14:35:30,2026-01-08 14:51:30,妇产_2748,2026-01-08 15:35:30
R0DD47D01,P75935,V611495,手术,R0DD47D01_C2,首次病程,2,2026-01-10 10:35:30,2026-01-10 10:47:30,妇产_4356,2026-01-08 15:35:30
R0DD47D01,P75935,V611495,手术,R0DD47D01_C3,日常病程,3,2026-01-09 16:05:30,2026-01-09 16:47:30,检验_9686,2026-01-08 15:35:30
R0DD47D01,P75935,V611495,手术,R0DD47D01_C4,手术记录,4,2026-01-10 17:35:30,2026-01-10 18:20:30,骨科_7804,2026-01-08 15:35:30
R0DD47D01,P75935,V611495,手术,R0DD47D01_C5,麻醉记录,5,2026-01-09 08:05:30,2026-01-09 08:51:30,儿科_7072,2026-01-08 15:35:30
R0DD47D01,P75935,V611495,手术,R0DD47D01_C6,术后病程,6,2026-01-09 10:35:30,2026-01-09 11:34:30,麻醉_3299,2026-01-08 15:35:30
R0DD47D01,P75935,V611495,手术,R0DD47D01_C7,出院记录,7,2026-01-09 11:05:30,2026-01-09 11:45:30,骨科_5234,2026-01-08 15:35:30
R0DD47D01,P75935,V611495,手术,R0DD47D01_C8,知情同意,8,2026-01-09 07:35:30,2026-01-09 08:01:30,神外_1647,2026-01-08 15:35:30
R176BD1D1,P76067,V551145,急诊,R176BD1D1_C1,入院记录,1,2026-02-21 11:40:30,2026-02-21 11:58:30,麻醉_1228,2026-02-21 14:40:30
R176BD1D1,P76067,V551145,急诊,R176BD1D1_C2,首次病程,2,2026-02-23 00:40:30,2026-02-23 01:01:30,急诊_1424,2026-02-21 14:40:30
R176BD1D1,P76067,V551145,急诊,R176BD1D1_C3,日常病程,3,2026-02-23 10:10:30,2026-02-23 10:27:30,儿科_3500,2026-02-21 14:40:30
R176BD1D1,P76067,V551145,急诊,R176BD1D1_C4,手术记录,4,2026-02-23 16:40:30,2026-02-23 17:15:30,检验_6037,2026-02-21 14:40:30
R176BD1D1,P76067,V551145,急诊,R176BD1D1_C5,麻醉记录,5,2026-02-23 12:10:30,2026-02-23 12:42:30,急诊_9308,2026-02-21 14:40:30
R176BD1D1,P76067,V551145,急诊,R176BD1D1_C6,术后病程,6,2026-02-23 03:40:30,2026-02-23 04:28:30,骨科_3625,2026-02-21 14:40:30
R176BD1D1,P76067,V551145,急诊,R176BD1D1_C7,出院记录,7,2026-02-21 20:10:30,2026-02-21 20:38:30,急诊_3551,2026-02-21 14:40:30
R176BD1D1,P76067,V551145,急诊,R176BD1D1_C8,知情同意,8,2026-02-23 18:40:30,2026-02-23 18:54:30,骨科_1873,2026-02-21 14:40:30
R75E0C94D,P54364,V934927,入院,R75E0C94D_C1,入院记录,1,2026-02-01 07:26:44,2026-02-01 07:55:44,心内_8968,2026-02-01 08:26:44
R75E0C94D,P54364,V934927,入院,R75E0C94D_C2,首次病程,2,2026-02-01 09:26:44,2026-02-01 09:50:44,麻醉_2188,2026-02-01 08:26:44
R75E0C94D,P54364,V934927,入院,R75E0C94D_C3,日常病程,3,2026-02-01 20:56:44,2026-02-01 21:34:44,麻醉_6022,2026-02-01 08:26:44
R75E0C94D,P54364,V934927,入院,R75E0C94D_C4,手术记录,4,2026-02-02 14:26:44,2026-02-02 14:43:44,急诊_1577,2026-02-01 08:26:44
R75E0C94D,P54364,V934927,入院,R75E0C94D_C5,麻醉记录,5,2026-02-02 08:56:44,2026-02-02 09:49:44,妇产_4394,2026-02-01 08:26:44
R75E0C94D,P54364,V934927,入院,R75E0C94D_C6,术后病程,6,2026-02-01 20:26:44,2026-02-01 21:25:44,神外_6152,2026-02-01 08:26:44
R75E0C94D,P54364,V934927,入院,R75E0C94D_C7,出院记录,7,2026-02-02 03:56:44,2026-02-02 04:12:44,麻醉_7326,2026-02-01 08:26:44
R75E0C94D,P54364,V934927,入院,R75E0C94D_C8,知情同意,8,2026-02-02 20:26:44,2026-02-02 20:32:44,儿科_8132,2026-02-01 08:26:44
REFDE6B6C,P62430,V713086,急诊,REFDE6B6C_C1,入院记录,1,2026-02-14 11:59:00,2026-02-14 12:04:00,儿科_5741,2026-02-14 15:59:00
REFDE6B6C,P62430,V713086,急诊,REFDE6B6C_C2,首次病程,2,2026-02-15 18:59:00,2026-02-15 19:12:00,麻醉_2850,2026-02-14 15:59:00
REFDE6B6C,P62430,V713086,急诊,REFDE6B6C_C3,日常病程,3,2026-02-15 13:29:00,2026-02-15 14:12:00,儿科_9647,2026-02-14 15:59:00
REFDE6B6C,P62430,V713086,急诊,REFDE6B6C_C4,手术记录,4,2026-02-15 09:59:00,2026-02-15 10:17:00,麻醉_4526,2026-02-14 15:59:00
REFDE6B6C,P62430,V713086,急诊,REFDE6B6C_C5,麻醉记录,5,2026-02-16 10:29:00,2026-02-16 10:38:00,ICU_1039,2026-02-14 15:59:00
REFDE6B6C,P62430,V713086,急诊,REFDE6B6C_C6,术后病程,6,2026-02-15 14:59:00,2026-02-15 15:50:00,ICU_2922,2026-02-14 15:59:00
REFDE6B6C,P62430,V713086,急诊,REFDE6B6C_C7,出院记录,7,2026-02-15 21:29:00,2026-02-15 22:06:00,麻醉_3624,2026-02-14 15:59:00
REFDE6B6C,P62430,V713086,急诊,REFDE6B6C_C8,知情同意,8,2026-02-16 12:59:00,2026-02-16 13:18:00,妇产_4403,2026-02-14 15:59:00
RDC4D232E,P78174,V480384,入院,RDC4D232E_C1,入院记录,1,2026-01-15 05:06:29,2026-01-15 05:33:29,检验_1291,2026-01-15 08:06:29
RDC4D232E,P78174,V480384,入院,RDC4D232E_C2,首次病程,2,2026-01-16 10:06:29,2026-01-16 10:30:29,心内_6916,2026-01-15 08:06:29
RDC4D232E,P78174,V480384,入院,RDC4D232E_C3,日常病程,3,2026-01-17 06:36:29,2026-01-17 07:36:29,神外_1421,2026-01-15 08:06:29
RDC4D232E,P78174,V480384,入院,RDC4D232E_C4,手术记录,4,2026-01-17 03:06:29,2026-01-17 03:30:29,麻醉_3147,2026-01-15 08:06:29
RDC4D232E,P78174,V480384,入院,RDC4D232E_C5,麻醉记录,5,2026-01-16 14:36:29,2026-01-16 15:31:29,ICU_9496,2026-01-15 08:06:29
RDC4D232E,P78174,V480384,入院,RDC4D232E_C6,术后病程,6,2026-01-17 03:06:29,2026-01-17 03:48:29,检验_3133,2026-01-15 08:06:29
RDC4D232E,P78174,V480384,入院,RDC4D232E_C7,出院记录,7,2026-01-15 11:36:29,2026-01-15 11:47:29,检验_7549,2026-01-15 08:06:29
RDC4D232E,P78174,V480384,入院,RDC4D232E_C8,知情同意,8,2026-01-17 06:06:29,2026-01-17 06:54:29,妇产_7724,2026-01-15 08:06:29
REA27EB92,P17957,V784372,入院,REA27EB92_C1,入院记录,1,2026-01-15 07:12:06,2026-01-15 07:28:06,ICU_6226,2026-01-15 09:12:06
REA27EB92,P17957,V784372,入院,REA27EB92_C2,首次病程,2,2026-01-16 20:12:06,2026-01-16 20:21:06,ICU_9208,2026-01-15 09:12:06
REA27EB92,P17957,V784372,入院,REA27EB92_C3,日常病程,3,2026-01-17 08:42:06,2026-01-17 09:30:06,急诊_7455,2026-01-15 09:12:06
REA27EB92,P17957,V784372,入院,REA27EB92_C4,手术记录,4,2026-01-16 08:12:06,2026-01-16 08:20:06,儿科_4665,2026-01-15 09:12:06
REA27EB92,P17957,V784372,入院,REA27EB92_C5,麻醉记录,5,2026-01-16 03:42:06,2026-01-16 04:37:06,ICU_7782,2026-01-15 09:12:06
REA27EB92,P17957,V784372,入院,REA27EB92_C6,术后病程,6,2026-01-17 07:12:06,2026-01-17 07:58:06,神外_7513,2026-01-15 09:12:06
REA27EB92,P17957,V784372,入院,REA27EB92_C7,出院记录,7,2026-01-16 01:42:06,2026-01-16 02:41:06,ICU_8627,2026-01-15 09:12:06
REA27EB92,P17957,V784372,入院,REA27EB92_C8,知情同意,8,2026-01-17 07:12:06,2026-01-17 07:26:06,心内_4391,2026-01-15 09:12:06
R2A6B37B8,P93841,V551717,普通,R2A6B37B8_C1,入院记录,1,2026-02-04 14:41:09,2026-02-04 15:04:09,神外_4273,2026-02-04 17:41:09
R2A6B37B8,P93841,V551717,普通,R2A6B37B8_C2,首次病程,2,2026-02-05 23:41:09,2026-02-05 23:49:09,妇产_7092,2026-02-04 17:41:09
R2A6B37B8,P93841,V551717,普通,R2A6B37B8_C3,日常病程,3,2026-02-04 20:11:09,2026-02-04 21:02:09,骨科_7646,2026-02-04 17:41:09
R2A6B37B8,P93841,V551717,普通,R2A6B37B8_C4,手术记录,4,2026-02-06 16:41:09,2026-02-06 17:09:09,ICU_5678,2026-02-04 17:41:09
R2A6B37B8,P93841,V551717,普通,R2A6B37B8_C5,麻醉记录,5,2026-02-06 18:11:09,2026-02-06 18:57:09,急诊_8657,2026-02-04 17:41:09
R2A6B37B8,P93841,V551717,普通,R2A6B37B8_C6,术后病程,6,2026-02-06 01:41:09,2026-02-06 02:21:09,ICU_3486,2026-02-04 17:41:09
R2A6B37B8,P93841,V551717,普通,R2A6B37B8_C7,出院记录,7,2026-02-05 17:11:09,2026-02-05 17:50:09,心内_1212,2026-02-04 17:41:09
R2A6B37B8,P93841,V551717,普通,R2A6B37B8_C8,知情同意,8,2026-02-05 15:41:09,2026-02-05 16:05:09,ICU_4505,2026-02-04 17:41:09
R8B25A0F0,P19247,V692885,急诊,R8B25A0F0_C1,入院记录,1,2026-02-03 08:58:20,2026-02-03 09:10:20,神外_4812,2026-02-03 09:58:20
R8B25A0F0,P19247,V692885,急诊,R8B25A0F0_C2,首次病程,2,2026-02-03 11:58:20,2026-02-03 12:14:20,妇产_3563,2026-02-03 09:58:20
R8B25A0F0,P19247,V692885,急诊,R8B25A0F0_C3,日常病程,3,2026-02-04 07:28:20,2026-02-04 08:26:20,妇产_3845,2026-02-03 09:58:20
R8B25A0F0,P19247,V692885,急诊,R8B25A0F0_C4,手术记录,4,2026-02-04 10:58:20,2026-02-04 11:21:20,检验_6490,2026-02-03 09:58:20
R8B25A0F0,P19247,V692885,急诊,R8B25A0F0_C5,麻醉记录,5,2026-02-05 09:28:20,2026-02-05 10:25:20,放射_2300,2026-02-03 09:58:20
R8B25A0F0,P19247,V692885,急诊,R8B25A0F0_C6,术后病程,6,2026-02-05 06:58:20,2026-02-05 07:43:20,ICU_3615,2026-02-03 09:58:20
R8B25A0F0,P19247,V692885,急诊,R8B25A0F0_C7,出院记录,7,2026-02-04 17:28:20,2026-02-04 18:27:20,儿科_8748,2026-02-03 09:58:20
R8B25A0F0,P19247,V692885,急诊,R8B25A0F0_C8,知情同意,8,2026-02-04 01:58:20,2026-02-04 02:37:20,神外_1926,2026-02-03 09:58:20
R4036F3E5,P64506,V202932,普通,R4036F3E5_C1,入院记录,1,2026-03-28 04:11:07,2026-03-28 04:22:07,心内_8630,2026-03-28 07:11:07
R4036F3E5,P64506,V202932,普通,R4036F3E5_C2,首次病程,2,2026-03-28 08:11:07,2026-03-28 08:45:07,检验_7654,2026-03-28 07:11:07
R4036F3E5,P64506,V202932,普通,R4036F3E5_C3,日常病程,3,2026-03-28 14:41:07,2026-03-28 15:28:07,儿科_2205,2026-03-28 07:11:07
R4036F3E5,P64506,V202932,普通,R4036F3E5_C4,手术记录,4,2026-03-30 07:11:07,2026-03-30 07:38:07,妇产_2570,2026-03-28 07:11:07
R4036F3E5,P64506,V202932,普通,R4036F3E5_C5,麻醉记录,5,2026-03-30 01:41:07,2026-03-30 01:51:07,儿科_7252,2026-03-28 07:11:07
R4036F3E5,P64506,V202932,普通,R4036F3E5_C6,术后病程,6,2026-03-29 01:11:07,2026-03-29 02:10:07,神外_6378,2026-03-28 07:11:07
R4036F3E5,P64506,V202932,普通,R4036F3E5_C7,出院记录,7,2026-03-28 16:41:07,2026-03-28 17:24:07,急诊_8415,2026-03-28 07:11:07
R4036F3E5,P64506,V202932,普通,R4036F3E5_C8,知情同意,8,2026-03-30 00:11:07,2026-03-30 00:33:07,急诊_4332,2026-03-28 07:11:07
R522C3C68,P24728,V287940,普通,R522C3C68_C1,入院记录,1,2026-03-09 17:26:56,2026-03-09 17:43:56,ICU_6018,2026-03-09 18:26:56
R522C3C68,P24728,V287940,普通,R522C3C68_C2,首次病程,2,2026-03-09 23:26:56,2026-03-10 00:12:56,骨科_8837,2026-03-09 18:26:56
R522C3C68,P24728,V287940,普通,R522C3C68_C3,日常病程,3,2026-03-09 22:56:56,2026-03-09 23:20:56,妇产_2178,2026-03-09 18:26:56
R522C3C68,P24728,V287940,普通,R522C3C68_C4,手术记录,4,2026-03-10 22:26:56,2026-03-10 23:04:56,麻醉_8176,2026-03-09 18:26:56
R522C3C68,P24728,V287940,普通,R522C3C68_C5,麻醉记录,5,2026-03-11 06:56:56,2026-03-11 07:50:56,放射_5791,2026-03-09 18:26:56
R522C3C68,P24728,V287940,普通,R522C3C68_C6,术后病程,6,2026-03-10 06:26:56,2026-03-10 06:46:56,妇产_7992,2026-03-09 18:26:56
R522C3C68,P24728,V287940,普通,R522C3C68_C7,出院记录,7,2026-03-11 04:56:56,2026-03-11 05:44:56,麻醉_2459,2026-03-09 18:26:56
R522C3C68,P24728,V287940,普通,R522C3C68_C8,知情同意,8,2026-03-10 15:26:56,2026-03-10 16:22:56,骨科_3381,2026-03-09 18:26:56
RE982170B,P19923,V511625,手术,RE982170B_C1,入院记录,1,2026-02-27 04:48:46,2026-02-27 05:17:46,神外_2722,2026-02-27 07:48:46
RE982170B,P19923,V511625,手术,RE982170B_C2,首次病程,2,2026-02-28 01:48:46,2026-02-28 02:04:46,神外_7381,2026-02-27 07:48:46
RE982170B,P19923,V511625,手术,RE982170B_C3,日常病程,3,2026-02-28 20:18:46,2026-02-28 20:39:46,骨科_1996,2026-02-27 07:48:46
RE982170B,P19923,V511625,手术,RE982170B_C4,手术记录,4,2026-02-28 15:48:46,2026-02-28 16:11:46,神外_6391,2026-02-27 07:48:46
RE982170B,P19923,V511625,手术,RE982170B_C5,麻醉记录,5,2026-02-27 20:18:46,2026-02-27 21:15:46,检验_8548,2026-02-27 07:48:46
RE982170B,P19923,V511625,手术,RE982170B_C6,术后病程,6,2026-02-27 10:48:46,2026-02-27 10:59:46,心内_4430,2026-02-27 07:48:46
RE982170B,P19923,V511625,手术,RE982170B_C7,出院记录,7,2026-02-27 18:18:46,2026-02-27 18:45:46,检验_5865,2026-02-27 07:48:46
RE982170B,P19923,V511625,手术,RE982170B_C8,知情同意,8,2026-02-27 11:48:46,2026-02-27 12:17:46,心内_1241,2026-02-27 07:48:46
R7EFEC622,P85227,V135471,手术,R7EFEC622_C1,入院记录,1,2026-01-13 04:25:01,2026-01-13 04:51:01,急诊_7175,2026-01-13 06:25:01
R7EFEC622,P85227,V135471,手术,R7EFEC622_C2,首次病程,2,2026-01-14 05:25:01,2026-01-14 05:48:01,神外_4893,2026-01-13 06:25:01
R7EFEC622,P85227,V135471,手术,R7EFEC622_C3,日常病程,3,2026-01-13 12:55:01,2026-01-13 13:33:01,心内_5779,2026-01-13 06:25:01
R7EFEC622,P85227,V135471,手术,R7EFEC622_C4,手术记录,4,2026-01-15 00:25:01,2026-01-15 00:31:01,急诊_6387,2026-01-13 06:25:01
R7EFEC622,P85227,V135471,手术,R7EFEC622_C5,麻醉记录,5,2026-01-14 12:55:01,2026-01-14 13:37:01,急诊_2047,2026-01-13 06:25:01
R7EFEC622,P85227,V135471,手术,R7EFEC622_C6,术后病程,6,2026-01-13 11:25:01,2026-01-13 12:17:01,放射_1706,2026-01-13 06:25:01
R7EFEC622,P85227,V135471,手术,R7EFEC622_C7,出院记录,7,2026-01-14 09:55:01,2026-01-14 10:01:01,神外_4205,2026-01-13 06:25:01
R7EFEC622,P85227,V135471,手术,R7EFEC622_C8,知情同意,8,2026-01-14 18:25:01,2026-01-14 19:04:01,心内_4446,2026-01-13 06:25:01
RB2454EFF,P52644,V239502,普通,RB2454EFF_C1,入院记录,1,2026-03-01 16:04:26,2026-03-01 16:33:26,妇产_3173,2026-03-01 18:04:26
RB2454EFF,P52644,V239502,普通,RB2454EFF_C2,首次病程,2,2026-03-03 05:04:26,2026-03-03 05:42:26,急诊_6469,2026-03-01 18:04:26
RB2454EFF,P52644,V239502,普通,RB2454EFF_C3,日常病程,3,2026-03-03 16:34:26,2026-03-03 16:46:26,麻醉_9452,2026-03-01 18:04:26
RB2454EFF,P52644,V239502,普通,RB2454EFF_C4,手术记录,4,2026-03-02 08:04:26,2026-03-02 08:16:26,骨科_8552,2026-03-01 18:04:26
RB2454EFF,P52644,V239502,普通,RB2454EFF_C5,麻醉记录,5,2026-03-03 16:34:26,2026-03-03 17:24:26,妇产_8343,2026-03-01 18:04:26
RB2454EFF,P52644,V239502,普通,RB2454EFF_C6,术后病程,6,2026-03-03 00:04:26,2026-03-03 00:48:26,骨科_2343,2026-03-01 18:04:26
RB2454EFF,P52644,V239502,普通,RB2454EFF_C7,出院记录,7,2026-03-03 16:34:26,2026-03-03 17:15:26,妇产_7402,2026-03-01 18:04:26
RB2454EFF,P52644,V239502,普通,RB2454EFF_C8,知情同意,8,2026-03-02 15:04:26,2026-03-02 15:57:26,心内_7240,2026-03-01 18:04:26
R6D8300BB,P30098,V574351,急诊,R6D8300BB_C1,入院记录,1,2026-03-03 13:12:24,2026-03-03 13:31:24,妇产_8160,2026-03-03 16:12:24
R6D8300BB,P30098,V574351,急诊,R6D8300BB_C2,首次病程,2,2026-03-04 05:12:24,2026-03-04 06:03:24,麻醉_4686,2026-03-03 16:12:24
R6D8300BB,P30098,V574351,急诊,R6D8300BB_C3,日常病程,3,2026-03-04 11:42:24,2026-03-04 12:04:24,放射_5885,2026-03-03 16:12:24
R6D8300BB,P30098,V574351,急诊,R6D8300BB_C4,手术记录,4,2026-03-03 22:12:24,2026-03-03 22:58:24,神外_7116,2026-03-03 16:12:24
R6D8300BB,P30098,V574351,急诊,R6D8300BB_C5,麻醉记录,5,2026-03-04 23:42:24,2026-03-04 23:49:24,放射_7840,2026-03-03 16:12:24
R6D8300BB,P30098,V574351,急诊,R6D8300BB_C6,术后病程,6,2026-03-05 17:12:24,2026-03-05 17:51:24,急诊_3287,2026-03-03 16:12:24
R6D8300BB,P30098,V574351,急诊,R6D8300BB_C7,出院记录,7,2026-03-04 15:42:24,2026-03-04 16:24:24,放射_5552,2026-03-03 16:12:24
R6D8300BB,P30098,V574351,急诊,R6D8300BB_C8,知情同意,8,2026-03-04 13:12:24,2026-03-04 14:04:24,神外_9902,2026-03-03 16:12:24
R6BCAA53D,P32911,V654541,入院,R6BCAA53D_C1,入院记录,1,2026-01-03 06:16:42,2026-01-03 06:37:42,心内_6559,2026-01-03 08:16:42
R6BCAA53D,P32911,V654541,入院,R6BCAA53D_C2,首次病程,2,2026-01-03 13:16:42,2026-01-03 13:29:42,检验_5894,2026-01-03 08:16:42
R6BCAA53D,P32911,V654541,入院,R6BCAA53D_C3,日常病程,3,2026-01-03 11:46:42,2026-01-03 12:23:42,放射_4105,2026-01-03 08:16:42
R6BCAA53D,P32911,V654541,入院,R6BCAA53D_C4,手术记录,4,2026-01-05 03:16:42,2026-01-05 03:57:42,麻醉_1856,2026-01-03 08:16:42
R6BCAA53D,P32911,V654541,入院,R6BCAA53D_C5,麻醉记录,5,2026-01-04 16:46:42,2026-01-04 17:33:42,检验_1960,2026-01-03 08:16:42
R6BCAA53D,P32911,V654541,入院,R6BCAA53D_C6,术后病程,6,2026-01-04 13:16:42,2026-01-04 13:56:42,神外_6614,2026-01-03 08:16:42
R6BCAA53D,P32911,V654541,入院,R6BCAA53D_C7,出院记录,7,2026-01-03 14:46:42,2026-01-03 15:23:42,急诊_3545,2026-01-03 08:16:42
R6BCAA53D,P32911,V654541,入院,R6BCAA53D_C8,知情同意,8,2026-01-03 23:16:42,2026-01-04 00:13:42,急诊_1745,2026-01-03 08:16:42
R26D849B8,P21770,V230033,急诊,R26D849B8_C1,入院记录,1,2026-02-11 03:07:33,2026-02-11 03:12:33,ICU_5093,2026-02-11 06:07:33
R26D849B8,P21770,V230033,急诊,R26D849B8_C2,首次病程,2,2026-02-11 13:07:33,2026-02-11 13:33:33,儿科_7002,2026-02-11 06:07:33
R26D849B8,P21770,V230033,急诊,R26D849B8_C3,日常病程,3,2026-02-11 14:37:33,2026-02-11 14:58:33,神外_9429,2026-02-11 06:07:33
R26D849B8,P21770,V230033,急诊,R26D849B8_C4,手术记录,4,2026-02-13 04:07:33,2026-02-13 04:33:33,神外_3368,2026-02-11 06:07:33
R26D849B8,P21770,V230033,急诊,R26D849B8_C5,麻醉记录,5,2026-02-13 04:37:33,2026-02-13 04:44:33,检验_8270,2026-02-11 06:07:33
R26D849B8,P21770,V230033,急诊,R26D849B8_C6,术后病程,6,2026-02-11 23:07:33,2026-02-11 23:49:33,麻醉_6950,2026-02-11 06:07:33
R26D849B8,P21770,V230033,急诊,R26D849B8_C7,出院记录,7,2026-02-11 20:37:33,2026-02-11 21:14:33,检验_7806,2026-02-11 06:07:33
R26D849B8,P21770,V230033,急诊,R26D849B8_C8,知情同意,8,2026-02-11 23:07:33,2026-02-11 23:25:33,ICU_9227,2026-02-11 06:07:33
R31BA5100,P81378,V175446,普通,R31BA5100_C1,入院记录,1,2026-02-19 16:30:58,2026-02-19 16:50:58,检验_4300,2026-02-19 18:30:58
R31BA5100,P81378,V175446,普通,R31BA5100_C2,首次病程,2,2026-02-21 03:30:58,2026-02-21 04:13:58,放射_9900,2026-02-19 18:30:58
R31BA5100,P81378,V175446,普通,R31BA5100_C3,日常病程,3,2026-02-20 01:00:58,2026-02-20 01:38:58,ICU_5346,2026-02-19 18:30:58
R31BA5100,P81378,V175446,普通,R31BA5100_C4,手术记录,4,2026-02-20 23:30:58,2026-02-21 00:04:58,妇产_7358,2026-02-19 18:30:58
R31BA5100,P81378,V175446,普通,R31BA5100_C5,麻醉记录,5,2026-02-20 06:00:58,2026-02-20 06:14:58,心内_1551,2026-02-19 18:30:58
R31BA5100,P81378,V175446,普通,R31BA5100_C6,术后病程,6,2026-02-21 01:30:58,2026-02-21 01:52:58,儿科_1129,2026-02-19 18:30:58
R31BA5100,P81378,V175446,普通,R31BA5100_C7,出院记录,7,2026-02-20 05:00:58,2026-02-20 05:37:58,ICU_2451,2026-02-19 18:30:58
R31BA5100,P81378,V175446,普通,R31BA5100_C8,知情同意,8,2026-02-21 03:30:58,2026-02-21 03:59:58,神外_9650,2026-02-19 18:30:58
RCD84C570,P61730,V434708,入院,RCD84C570_C1,入院记录,1,2026-01-18 17:33:44,2026-01-18 17:53:44,麻醉_4216,2026-01-18 19:33:44
RCD84C570,P61730,V434708,入院,RCD84C570_C2,首次病程,2,2026-01-20 20:33:44,2026-01-20 21:15:44,急诊_4537,2026-01-18 19:33:44
RCD84C570,P61730,V434708,入院,RCD84C570_C3,日常病程,3,2026-01-19 22:03:44,2026-01-19 22:37:44,ICU_2624,2026-01-18 19:33:44
RCD84C570,P61730,V434708,入院,RCD84C570_C4,手术记录,4,2026-01-20 16:33:44,2026-01-20 17:28:44,心内_9191,2026-01-18 19:33:44
RCD84C570,P61730,V434708,入院,RCD84C570_C5,麻醉记录,5,2026-01-20 11:03:44,2026-01-20 11:54:44,妇产_8191,2026-01-18 19:33:44
RCD84C570,P61730,V434708,入院,RCD84C570_C6,术后病程,6,2026-01-19 03:33:44,2026-01-19 03:57:44,骨科_5569,2026-01-18 19:33:44
RCD84C570,P61730,V434708,入院,RCD84C570_C7,出院记录,7,2026-01-19 01:03:44,2026-01-19 01:15:44,骨科_7274,2026-01-18 19:33:44
RCD84C570,P61730,V434708,入院,RCD84C570_C8,知情同意,8,2026-01-19 19:33:44,2026-01-19 20:05:44,检验_3108,2026-01-18 19:33:44
R1BDDE8CE,P65516,V195653,手术,R1BDDE8CE_C1,入院记录,1,2026-02-05 06:09:46,2026-02-05 06:22:46,心内_6117,2026-02-05 08:09:46
R1BDDE8CE,P65516,V195653,手术,R1BDDE8CE_C2,首次病程,2,2026-02-05 19:09:46,2026-02-05 19:53:46,骨科_1723,2026-02-05 08:09:46
R1BDDE8CE,P65516,V195653,手术,R1BDDE8CE_C3,日常病程,3,2026-02-06 12:39:46,2026-02-06 12:57:46,ICU_7269,2026-02-05 08:09:46
R1BDDE8CE,P65516,V195653,手术,R1BDDE8CE_C4,手术记录,4,2026-02-05 21:09:46,2026-02-05 22:05:46,神外_4390,2026-02-05 08:09:46
R1BDDE8CE,P65516,V195653,手术,R1BDDE8CE_C5,麻醉记录,5,2026-02-06 18:39:46,2026-02-06 18:58:46,心内_1968,2026-02-05 08:09:46
R1BDDE8CE,P65516,V195653,手术,R1BDDE8CE_C6,术后病程,6,2026-02-06 08:09:46,2026-02-06 08:56:46,放射_7379,2026-02-05 08:09:46
R1BDDE8CE,P65516,V195653,手术,R1BDDE8CE_C7,出院记录,7,2026-02-05 12:39:46,2026-02-05 12:49:46,骨科_6279,2026-02-05 08:09:46
R1BDDE8CE,P65516,V195653,手术,R1BDDE8CE_C8,知情同意,8,2026-02-07 09:09:46,2026-02-07 09:33:46,骨科_5603,2026-02-05 08:09:46
RC2A829EB,P85959,V262438,手术,RC2A829EB_C1,入院记录,1,2026-02-21 10:45:49,2026-02-21 10:56:49,ICU_7581,2026-02-21 11:45:49
RC2A829EB,P85959,V262438,手术,RC2A829EB_C2,首次病程,2,2026-02-21 23:45:49,2026-02-22 00:11:49,放射_6698,2026-02-21 11:45:49
RC2A829EB,P85959,V262438,手术,RC2A829EB_C3,日常病程,3,2026-02-23 09:15:49,2026-02-23 09:43:49,ICU_4925,2026-02-21 11:45:49
RC2A829EB,P85959,V262438,手术,RC2A829EB_C4,手术记录,4,2026-02-21 19:45:49,2026-02-21 19:59:49,妇产_3738,2026-02-21 11:45:49
RC2A829EB,P85959,V262438,手术,RC2A829EB_C5,麻醉记录,5,2026-02-22 12:15:49,2026-02-22 13:07:49,ICU_8797,2026-02-21 11:45:49
RC2A829EB,P85959,V262438,手术,RC2A829EB_C6,术后病程,6,2026-02-22 23:45:49,2026-02-23 00:32:49,骨科_6534,2026-02-21 11:45:49
RC2A829EB,P85959,V262438,手术,RC2A829EB_C7,出院记录,7,2026-02-22 02:15:49,2026-02-22 02:53:49,ICU_8165,2026-02-21 11:45:49
RC2A829EB,P85959,V262438,手术,RC2A829EB_C8,知情同意,8,2026-02-23 04:45:49,2026-02-23 05:29:49,急诊_8852,2026-02-21 11:45:49
R87D2558E,P37575,V445139,手术,R87D2558E_C1,入院记录,1,2026-02-14 12:01:02,2026-02-14 12:17:02,ICU_9243,2026-02-14 15:01:02
R87D2558E,P37575,V445139,手术,R87D2558E_C2,首次病程,2,2026-02-15 16:01:02,2026-02-15 16:20:02,骨科_7408,2026-02-14 15:01:02
R87D2558E,P37575,V445139,手术,R87D2558E_C3,日常病程,3,2026-02-16 11:31:02,2026-02-16 12:00:02,儿科_2759,2026-02-14 15:01:02
R87D2558E,P37575,V445139,手术,R87D2558E_C4,手术记录,4,2026-02-14 20:01:02,2026-02-14 20:59:02,检验_6885,2026-02-14 15:01:02
R87D2558E,P37575,V445139,手术,R87D2558E_C5,麻醉记录,5,2026-02-14 17:31:02,2026-02-14 17:38:02,放射_2080,2026-02-14 15:01:02
R87D2558E,P37575,V445139,手术,R87D2558E_C6,术后病程,6,2026-02-16 07:01:02,2026-02-16 07:22:02,放射_9915,2026-02-14 15:01:02
R87D2558E,P37575,V445139,手术,R87D2558E_C7,出院记录,7,2026-02-14 23:31:02,2026-02-14 23:47:02,心内_4502,2026-02-14 15:01:02
R87D2558E,P37575,V445139,手术,R87D2558E_C8,知情同意,8,2026-02-15 11:01:02,2026-02-15 11:16:02,骨科_7703,2026-02-14 15:01:02
R4BBE073C,P83488,V136794,入院,R4BBE073C_C1,入院记录,1,2026-02-28 16:34:53,2026-02-28 16:52:53,骨科_9640,2026-02-28 17:34:53
R4BBE073C,P83488,V136794,入院,R4BBE073C_C2,首次病程,2,2026-03-02 07:34:53,2026-03-02 08:01:53,心内_8280,2026-02-28 17:34:53
R4BBE073C,P83488,V136794,入院,R4BBE073C_C3,日常病程,3,2026-03-02 15:04:53,2026-03-02 16:03:53,检验_4330,2026-02-28 17:34:53
R4BBE073C,P83488,V136794,入院,R4BBE073C_C4,手术记录,4,2026-02-28 21:34:53,2026-02-28 22:23:53,急诊_7218,2026-02-28 17:34:53
R4BBE073C,P83488,V136794,入院,R4BBE073C_C5,麻醉记录,5,2026-03-01 15:04:53,2026-03-01 15:54:53,妇产_9882,2026-02-28 17:34:53
R4BBE073C,P83488,V136794,入院,R4BBE073C_C6,术后病程,6,2026-03-02 02:34:53,2026-03-02 02:48:53,骨科_5490,2026-02-28 17:34:53
R4BBE073C,P83488,V136794,入院,R4BBE073C_C7,出院记录,7,2026-03-02 15:04:53,2026-03-02 15:09:53,ICU_4156,2026-02-28 17:34:53
R4BBE073C,P83488,V136794,入院,R4BBE073C_C8,知情同意,8,2026-03-01 04:34:53,2026-03-01 05:33:53,急诊_4655,2026-02-28 17:34:53
R0C945450,P35395,V486464,普通,R0C945450_C1,入院记录,1,2026-02-05 14:04:00,2026-02-05 14:34:00,ICU_6428,2026-02-05 17:04:00
R0C945450,P35395,V486464,普通,R0C945450_C2,首次病程,2,2026-02-06 07:04:00,2026-02-06 07:37:00,检验_7793,2026-02-05 17:04:00
R0C945450,P35395,V486464,普通,R0C945450_C3,日常病程,3,2026-02-06 05:34:00,2026-02-06 05:51:00,麻醉_7351,2026-02-05 17:04:00
R0C945450,P35395,V486464,普通,R0C945450_C4,手术记录,4,2026-02-06 08:04:00,2026-02-06 09:04:00,妇产_5098,2026-02-05 17:04:00
R0C945450,P35395,V486464,普通,R0C945450_C5,麻醉记录,5,2026-02-07 11:34:00,2026-02-07 12:06:00,妇产_9935,2026-02-05 17:04:00
R0C945450,P35395,V486464,普通,R0C945450_C6,术后病程,6,2026-02-06 06:04:00,2026-02-06 06:20:00,麻醉_3777,2026-02-05 17:04:00
R0C945450,P35395,V486464,普通,R0C945450_C7,出院记录,7,2026-02-06 06:34:00,2026-02-06 07:09:00,妇产_4286,2026-02-05 17:04:00
R0C945450,P35395,V486464,普通,R0C945450_C8,知情同意,8,2026-02-05 23:04:00,2026-02-05 23:47:00,骨科_2998,2026-02-05 17:04:00
R097C3DEF,P46244,V637502,手术,R097C3DEF_C1,入院记录,1,2026-01-14 14:22:42,2026-01-14 14:40:42,麻醉_5735,2026-01-14 17:22:42
R097C3DEF,P46244,V637502,手术,R097C3DEF_C2,首次病程,2,2026-01-15 10:22:42,2026-01-15 11:19:42,心内_2156,2026-01-14 17:22:42
R097C3DEF,P46244,V637502,手术,R097C3DEF_C3,日常病程,3,2026-01-15 02:52:42,2026-01-15 03:25:42,麻醉_8116,2026-01-14 17:22:42
R097C3DEF,P46244,V637502,手术,R097C3DEF_C4,手术记录,4,2026-01-15 23:22:42,2026-01-16 00:16:42,神外_4806,2026-01-14 17:22:42
R097C3DEF,P46244,V637502,手术,R097C3DEF_C5,麻醉记录,5,2026-01-15 15:52:42,2026-01-15 16:26:42,妇产_3630,2026-01-14 17:22:42
R097C3DEF,P46244,V637502,手术,R097C3DEF_C6,术后病程,6,2026-01-16 10:22:42,2026-01-16 11:11:42,心内_3972,2026-01-14 17:22:42
R097C3DEF,P46244,V637502,手术,R097C3DEF_C7,出院记录,7,2026-01-16 12:52:42,2026-01-16 12:57:42,妇产_8371,2026-01-14 17:22:42
R097C3DEF,P46244,V637502,手术,R097C3DEF_C8,知情同意,8,2026-01-15 11:22:42,2026-01-15 12:02:42,骨科_7859,2026-01-14 17:22:42
R3F14C3B4,P65530,V449386,急诊,R3F14C3B4_C1,入院记录,1,2026-01-31 13:41:28,2026-01-31 14:00:28,检验_3811,2026-01-31 17:41:28
R3F14C3B4,P65530,V449386,急诊,R3F14C3B4_C2,首次病程,2,2026-02-02 16:41:28,2026-02-02 17:32:28,急诊_5609,2026-01-31 17:41:28
R3F14C3B4,P65530,V449386,急诊,R3F14C3B4_C3,日常病程,3,2026-01-31 19:11:28,2026-01-31 20:00:28,麻醉_6861,2026-01-31 17:41:28
R3F14C3B4,P65530,V449386,急诊,R3F14C3B4_C4,手术记录,4,2026-02-01 10:41:28,2026-02-01 11:10:28,神外_9393,2026-01-31 17:41:28
R3F14C3B4,P65530,V449386,急诊,R3F14C3B4_C5,麻醉记录,5,2026-02-01 17:11:28,2026-02-01 17:38:28,妇产_8535,2026-01-31 17:41:28
R3F14C3B4,P65530,V449386,急诊,R3F14C3B4_C6,术后病程,6,2026-02-01 11:41:28,2026-02-01 12:18:28,神外_6502,2026-01-31 17:41:28
R3F14C3B4,P65530,V449386,急诊,R3F14C3B4_C7,出院记录,7,2026-02-01 14:11:28,2026-02-01 14:21:28,麻醉_9705,2026-01-31 17:41:28
R3F14C3B4,P65530,V449386,急诊,R3F14C3B4_C8,知情同意,8,2026-01-31 22:41:28,2026-01-31 23:25:28,儿科_9458,2026-01-31 17:41:28
RE37409CD,P69783,V336637,普通,RE37409CD_C1,入院记录,1,2026-03-18 08:22:47,2026-03-18 08:38:47,心内_6075,2026-03-18 12:22:47
RE37409CD,P69783,V336637,普通,RE37409CD_C2,首次病程,2,2026-03-19 03:22:47,2026-03-19 04:05:47,神外_8365,2026-03-18 12:22:47
RE37409CD,P69783,V336637,普通,RE37409CD_C3,日常病程,3,2026-03-19 08:52:47,2026-03-19 09:38:47,放射_7838,2026-03-18 12:22:47
RE37409CD,P69783,V336637,普通,RE37409CD_C4,手术记录,4,2026-03-19 08:22:47,2026-03-19 08:39:47,检验_8301,2026-03-18 12:22:47
RE37409CD,P69783,V336637,普通,RE37409CD_C5,麻醉记录,5,2026-03-19 11:52:47,2026-03-19 12:01:47,骨科_7290,2026-03-18 12:22:47
RE37409CD,P69783,V336637,普通,RE37409CD_C6,术后病程,6,2026-03-18 16:22:47,2026-03-18 17:10:47,麻醉_6804,2026-03-18 12:22:47
RE37409CD,P69783,V336637,普通,RE37409CD_C7,出院记录,7,2026-03-20 13:52:47,2026-03-20 14:34:47,心内_3942,2026-03-18 12:22:47
RE37409CD,P69783,V336637,普通,RE37409CD_C8,知情同意,8,2026-03-19 21:22:47,2026-03-19 22:12:47,心内_5872,2026-03-18 12:22:47
RAF46BF7F,P47572,V184903,手术,RAF46BF7F_C1,入院记录,1,2026-01-30 02:58:03,2026-01-30 03:13:03,急诊_6470,2026-01-30 06:58:03
RAF46BF7F,P47572,V184903,手术,RAF46BF7F_C2,首次病程,2,2026-01-30 17:58:03,2026-01-30 18:06:03,妇产_6370,2026-01-30 06:58:03
RAF46BF7F,P47572,V184903,手术,RAF46BF7F_C3,日常病程,3,2026-01-31 02:28:03,2026-01-31 03:08:03,放射_2046,2026-01-30 06:58:03
RAF46BF7F,P47572,V184903,手术,RAF46BF7F_C4,手术记录,4,2026-01-31 17:58:03,2026-01-31 18:23:03,检验_6893,2026-01-30 06:58:03
RAF46BF7F,P47572,V184903,手术,RAF46BF7F_C5,麻醉记录,5,2026-01-30 17:28:03,2026-01-30 17:56:03,神外_8644,2026-01-30 06:58:03
RAF46BF7F,P47572,V184903,手术,RAF46BF7F_C6,术后病程,6,2026-02-01 01:58:03,2026-02-01 02:16:03,ICU_2306,2026-01-30 06:58:03
RAF46BF7F,P47572,V184903,手术,RAF46BF7F_C7,出院记录,7,2026-02-01 09:28:03,2026-02-01 10:03:03,放射_8101,2026-01-30 06:58:03
RAF46BF7F,P47572,V184903,手术,RAF46BF7F_C8,知情同意,8,2026-01-31 07:58:03,2026-01-31 08:56:03,心内_6283,2026-01-30 06:58:03
RF141670B,P61960,V683597,急诊,RF141670B_C1,入院记录,1,2026-03-22 11:20:26,2026-03-22 11:48:26,放射_6920,2026-03-22 12:20:26
RF141670B,P61960,V683597,急诊,RF141670B_C2,首次病程,2,2026-03-22 13:20:26,2026-03-22 14:03:26,放射_4573,2026-03-22 12:20:26
RF141670B,P61960,V683597,急诊,RF141670B_C3,日常病程,3,2026-03-23 16:50:26,2026-03-23 17:14:26,ICU_6131,2026-03-22 12:20:26
RF141670B,P61960,V683597,急诊,RF141670B_C4,手术记录,4,2026-03-23 03:20:26,2026-03-23 04:19:26,急诊_2725,2026-03-22 12:20:26
RF141670B,P61960,V683597,急诊,RF141670B_C5,麻醉记录,5,2026-03-23 01:50:26,2026-03-23 02:50:26,骨科_3764,2026-03-22 12:20:26
RF141670B,P61960,V683597,急诊,RF141670B_C6,术后病程,6,2026-03-23 15:20:26,2026-03-23 15:51:26,妇产_8561,2026-03-22 12:20:26
RF141670B,P61960,V683597,急诊,RF141670B_C7,出院记录,7,2026-03-23 15:50:26,2026-03-23 16:02:26,放射_8563,2026-03-22 12:20:26
RF141670B,P61960,V683597,急诊,RF141670B_C8,知情同意,8,2026-03-23 18:20:26,2026-03-23 18:28:26,ICU_8673,2026-03-22 12:20:26
R3347BB5F,P74415,V750288,急诊,R3347BB5F_C1,入院记录,1,2026-02-26 14:58:06,2026-02-26 15:03:06,检验_9691,2026-02-26 15:58:06
R3347BB5F,P74415,V750288,急诊,R3347BB5F_C2,首次病程,2,2026-02-27 18:58:06,2026-02-27 19:23:06,神外_8319,2026-02-26 15:58:06
R3347BB5F,P74415,V750288,急诊,R3347BB5F_C3,日常病程,3,2026-02-26 22:28:06,2026-02-26 22:51:06,放射_3049,2026-02-26 15:58:06
R3347BB5F,P74415,V750288,急诊,R3347BB5F_C4,手术记录,4,2026-02-28 11:58:06,2026-02-28 12:51:06,急诊_1533,2026-02-26 15:58:06
R3347BB5F,P74415,V750288,急诊,R3347BB5F_C5,麻醉记录,5,2026-02-27 08:28:06,2026-02-27 09:13:06,心内_8884,2026-02-26 15:58:06
R3347BB5F,P74415,V750288,急诊,R3347BB5F_C6,术后病程,6,2026-02-27 07:58:06,2026-02-27 08:42:06,神外_3336,2026-02-26 15:58:06
R3347BB5F,P74415,V750288,急诊,R3347BB5F_C7,出院记录,7,2026-02-28 18:28:06,2026-02-28 19:09:06,检验_5177,2026-02-26 15:58:06
R3347BB5F,P74415,V750288,急诊,R3347BB5F_C8,知情同意,8,2026-02-26 21:58:06,2026-02-26 22:06:06,妇产_6447,2026-02-26 15:58:06
RA55861FC,P84041,V519424,普通,RA55861FC_C1,入院记录,1,2026-02-11 17:50:13,2026-02-11 18:10:13,神外_3795,2026-02-11 20:50:13
RA55861FC,P84041,V519424,普通,RA55861FC_C2,首次病程,2,2026-02-13 09:50:13,2026-02-13 10:20:13,ICU_7814,2026-02-11 20:50:13
RA55861FC,P84041,V519424,普通,RA55861FC_C3,日常病程,3,2026-02-13 19:20:13,2026-02-13 20:13:13,麻醉_5385,2026-02-11 20:50:13
RA55861FC,P84041,V519424,普通,RA55861FC_C4,手术记录,4,2026-02-13 22:50:13,2026-02-13 23:43:13,放射_4783,2026-02-11 20:50:13
RA55861FC,P84041,V519424,普通,RA55861FC_C5,麻醉记录,5,2026-02-12 18:20:13,2026-02-12 18:37:13,麻醉_5547,2026-02-11 20:50:13
RA55861FC,P84041,V519424,普通,RA55861FC_C6,术后病程,6,2026-02-12 18:50:13,2026-02-12 19:16:13,妇产_6175,2026-02-11 20:50:13
RA55861FC,P84041,V519424,普通,RA55861FC_C7,出院记录,7,2026-02-13 14:20:13,2026-02-13 15:14:13,检验_9854,2026-02-11 20:50:13
RA55861FC,P84041,V519424,普通,RA55861FC_C8,知情同意,8,2026-02-12 14:50:13,2026-02-12 15:16:13,神外_9166,2026-02-11 20:50:13
R8A74460A,P16801,V427339,入院,R8A74460A_C1,入院记录,1,2026-03-29 10:52:31,2026-03-29 11:11:31,麻醉_9025,2026-03-29 14:52:31
R8A74460A,P16801,V427339,入院,R8A74460A_C2,首次病程,2,2026-03-30 11:52:31,2026-03-30 12:34:31,神外_2878,2026-03-29 14:52:31
R8A74460A,P16801,V427339,入院,R8A74460A_C3,日常病程,3,2026-03-31 10:22:31,2026-03-31 10:48:31,骨科_5006,2026-03-29 14:52:31
R8A74460A,P16801,V427339,入院,R8A74460A_C4,手术记录,4,2026-03-30 06:52:31,2026-03-30 07:17:31,儿科_3917,2026-03-29 14:52:31
R8A74460A,P16801,V427339,入院,R8A74460A_C5,麻醉记录,5,2026-03-31 11:22:31,2026-03-31 12:02:31,儿科_5180,2026-03-29 14:52:31
R8A74460A,P16801,V427339,入院,R8A74460A_C6,术后病程,6,2026-03-31 11:52:31,2026-03-31 12:51:31,急诊_3658,2026-03-29 14:52:31
R8A74460A,P16801,V427339,入院,R8A74460A_C7,出院记录,7,2026-03-30 03:22:31,2026-03-30 03:43:31,神外_9642,2026-03-29 14:52:31
R8A74460A,P16801,V427339,入院,R8A74460A_C8,知情同意,8,2026-03-31 05:52:31,2026-03-31 06:47:31,急诊_7541,2026-03-29 14:52:31
R57420239,P71834,V473568,急诊,R57420239_C1,入院记录,1,2026-02-12 08:27:54,2026-02-12 08:51:54,心内_4846,2026-02-12 09:27:54
R57420239,P71834,V473568,急诊,R57420239_C2,首次病程,2,2026-02-12 22:27:54,2026-02-12 23:10:54,儿科_7319,2026-02-12 09:27:54
R57420239,P71834,V473568,急诊,R57420239_C3,日常病程,3,2026-02-14 01:57:54,2026-02-14 02:33:54,ICU_1829,2026-02-12 09:27:54
R57420239,P71834,V473568,急诊,R57420239_C4,手术记录,4,2026-02-13 17:27:54,2026-02-13 17:51:54,儿科_4816,2026-02-12 09:27:54
R57420239,P71834,V473568,急诊,R57420239_C5,麻醉记录,5,2026-02-13 09:57:54,2026-02-13 10:10:54,骨科_5008,2026-02-12 09:27:54
R57420239,P71834,V473568,急诊,R57420239_C6,术后病程,6,2026-02-14 01:27:54,2026-02-14 01:53:54,儿科_9790,2026-02-12 09:27:54
R57420239,P71834,V473568,急诊,R57420239_C7,出院记录,7,2026-02-13 22:57:54,2026-02-13 23:11:54,心内_3484,2026-02-12 09:27:54
R57420239,P71834,V473568,急诊,R57420239_C8,知情同意,8,2026-02-13 19:27:54,2026-02-13 20:07:54,ICU_9954,2026-02-12 09:27:54
RC2E92D05,P80037,V532027,普通,RC2E92D05_C1,入院记录,1,2026-03-11 06:04:08,2026-03-11 06:31:08,放射_5200,2026-03-11 10:04:08
RC2E92D05,P80037,V532027,普通,RC2E92D05_C2,首次病程,2,2026-03-12 12:04:08,2026-03-12 12:59:08,骨科_1474,2026-03-11 10:04:08
RC2E92D05,P80037,V532027,普通,RC2E92D05_C3,日常病程,3,2026-03-11 17:34:08,2026-03-11 18:34:08,急诊_8662,2026-03-11 10:04:08
RC2E92D05,P80037,V532027,普通,RC2E92D05_C4,手术记录,4,2026-03-11 13:04:08,2026-03-11 13:45:08,检验_5407,2026-03-11 10:04:08
RC2E92D05,P80037,V532027,普通,RC2E92D05_C5,麻醉记录,5,2026-03-12 14:34:08,2026-03-12 14:50:08,ICU_3536,2026-03-11 10:04:08
RC2E92D05,P80037,V532027,普通,RC2E92D05_C6,术后病程,6,2026-03-13 11:04:08,2026-03-13 11:15:08,神外_7162,2026-03-11 10:04:08
RC2E92D05,P80037,V532027,普通,RC2E92D05_C7,出院记录,7,2026-03-11 21:34:08,2026-03-11 21:54:08,骨科_7273,2026-03-11 10:04:08
RC2E92D05,P80037,V532027,普通,RC2E92D05_C8,知情同意,8,2026-03-13 00:04:08,2026-03-13 00:15:08,骨科_1787,2026-03-11 10:04:08
RD63715B3,P14908,V250012,入院,RD63715B3_C1,入院记录,1,2026-03-29 18:10:03,2026-03-29 18:18:03,麻醉_2223,2026-03-29 22:10:03
RD63715B3,P14908,V250012,入院,RD63715B3_C2,首次病程,2,2026-03-30 16:10:03,2026-03-30 16:51:03,儿科_6867,2026-03-29 22:10:03
RD63715B3,P14908,V250012,入院,RD63715B3_C3,日常病程,3,2026-03-31 22:40:03,2026-03-31 23:07:03,儿科_1980,2026-03-29 22:10:03
RD63715B3,P14908,V250012,入院,RD63715B3_C4,手术记录,4,2026-03-30 04:10:03,2026-03-30 04:30:03,心内_4916,2026-03-29 22:10:03
RD63715B3,P14908,V250012,入院,RD63715B3_C5,麻醉记录,5,2026-03-30 03:40:03,2026-03-30 04:34:03,儿科_3429,2026-03-29 22:10:03
RD63715B3,P14908,V250012,入院,RD63715B3_C6,术后病程,6,2026-03-31 21:10:03,2026-03-31 21:24:03,急诊_1521,2026-03-29 22:10:03
RD63715B3,P14908,V250012,入院,RD63715B3_C7,出院记录,7,2026-03-30 12:40:03,2026-03-30 13:35:03,心内_2147,2026-03-29 22:10:03
RD63715B3,P14908,V250012,入院,RD63715B3_C8,知情同意,8,2026-03-31 15:10:03,2026-03-31 16:08:03,放射_3830,2026-03-29 22:10:03
R8E5565D5,P20335,V199489,入院,R8E5565D5_C1,入院记录,1,2026-02-25 12:45:52,2026-02-25 13:15:52,妇产_6728,2026-02-25 14:45:52
R8E5565D5,P20335,V199489,入院,R8E5565D5_C2,首次病程,2,2026-02-27 05:45:52,2026-02-27 06:19:52,急诊_1105,2026-02-25 14:45:52
R8E5565D5,P20335,V199489,入院,R8E5565D5_C3,日常病程,3,2026-02-27 12:15:52,2026-02-27 13:02:52,骨科_5508,2026-02-25 14:45:52
R8E5565D5,P20335,V199489,入院,R8E5565D5_C4,手术记录,4,2026-02-26 02:45:52,2026-02-26 03:34:52,ICU_9587,2026-02-25 14:45:52
R8E5565D5,P20335,V199489,入院,R8E5565D5_C5,麻醉记录,5,2026-02-27 08:15:52,2026-02-27 08:49:52,妇产_2931,2026-02-25 14:45:52
R8E5565D5,P20335,V199489,入院,R8E5565D5_C6,术后病程,6,2026-02-26 20:45:52,2026-02-26 20:58:52,儿科_8596,2026-02-25 14:45:52
R8E5565D5,P20335,V199489,入院,R8E5565D5_C7,出院记录,7,2026-02-26 18:15:52,2026-02-26 18:46:52,儿科_8268,2026-02-25 14:45:52
R8E5565D5,P20335,V199489,入院,R8E5565D5_C8,知情同意,8,2026-02-26 08:45:52,2026-02-26 09:32:52,急诊_3497,2026-02-25 14:45:52
R393E6468,P57174,V547702,普通,R393E6468_C1,入院记录,1,2026-03-23 14:39:38,2026-03-23 15:07:38,放射_4052,2026-03-23 18:39:38
R393E6468,P57174,V547702,普通,R393E6468_C2,首次病程,2,2026-03-24 23:39:38,2026-03-24 23:57:38,ICU_7082,2026-03-23 18:39:38
R393E6468,P57174,V547702,普通,R393E6468_C3,日常病程,3,2026-03-24 06:09:38,2026-03-24 06:57:38,急诊_4640,2026-03-23 18:39:38
R393E6468,P57174,V547702,普通,R393E6468_C4,手术记录,4,2026-03-24 09:39:38,2026-03-24 09:50:38,儿科_1365,2026-03-23 18:39:38
R393E6468,P57174,V547702,普通,R393E6468_C5,麻醉记录,5,2026-03-24 02:09:38,2026-03-24 02:33:38,妇产_5820,2026-03-23 18:39:38
R393E6468,P57174,V547702,普通,R393E6468_C6,术后病程,6,2026-03-24 20:39:38,2026-03-24 21:11:38,儿科_3225,2026-03-23 18:39:38
R393E6468,P57174,V547702,普通,R393E6468_C7,出院记录,7,2026-03-25 21:09:38,2026-03-25 21:15:38,神外_2530,2026-03-23 18:39:38
R393E6468,P57174,V547702,普通,R393E6468_C8,知情同意,8,2026-03-24 05:39:38,2026-03-24 05:47:38,神外_9185,2026-03-23 18:39:38
R44659884,P71669,V669928,急诊,R44659884_C1,入院记录,1,2026-03-07 08:12:57,2026-03-07 08:39:57,骨科_3305,2026-03-07 11:12:57
R44659884,P71669,V669928,急诊,R44659884_C2,首次病程,2,2026-03-07 17:12:57,2026-03-07 17:22:57,急诊_4671,2026-03-07 11:12:57
R44659884,P71669,V669928,急诊,R44659884_C3,日常病程,3,2026-03-09 12:42:57,2026-03-09 13:31:57,ICU_5680,2026-03-07 11:12:57
R44659884,P71669,V669928,急诊,R44659884_C4,手术记录,4,2026-03-09 13:12:57,2026-03-09 14:04:57,检验_5940,2026-03-07 11:12:57
R44659884,P71669,V669928,急诊,R44659884_C5,麻醉记录,5,2026-03-07 17:42:57,2026-03-07 18:31:57,神外_1676,2026-03-07 11:12:57
R44659884,P71669,V669928,急诊,R44659884_C6,术后病程,6,2026-03-08 20:12:57,2026-03-08 20:57:57,妇产_1931,2026-03-07 11:12:57
R44659884,P71669,V669928,急诊,R44659884_C7,出院记录,7,2026-03-08 21:42:57,2026-03-08 21:52:57,妇产_5765,2026-03-07 11:12:57
R44659884,P71669,V669928,急诊,R44659884_C8,知情同意,8,2026-03-08 14:12:57,2026-03-08 14:21:57,儿科_8842,2026-03-07 11:12:57
R3E8D6E4F,P47928,V782043,急诊,R3E8D6E4F_C1,入院记录,1,2026-02-20 14:54:01,2026-02-20 15:19:01,心内_5592,2026-02-20 18:54:01
R3E8D6E4F,P47928,V782043,急诊,R3E8D6E4F_C2,首次病程,2,2026-02-22 11:54:01,2026-02-22 12:54:01,妇产_4355,2026-02-20 18:54:01
R3E8D6E4F,P47928,V782043,急诊,R3E8D6E4F_C3,日常病程,3,2026-02-22 06:24:01,2026-02-22 06:52:01,妇产_8872,2026-02-20 18:54:01
R3E8D6E4F,P47928,V782043,急诊,R3E8D6E4F_C4,手术记录,4,2026-02-21 23:54:01,2026-02-22 00:23:01,ICU_8292,2026-02-20 18:54:01
R3E8D6E4F,P47928,V782043,急诊,R3E8D6E4F_C5,麻醉记录,5,2026-02-21 12:24:01,2026-02-21 13:10:01,ICU_7116,2026-02-20 18:54:01
R3E8D6E4F,P47928,V782043,急诊,R3E8D6E4F_C6,术后病程,6,2026-02-21 01:54:01,2026-02-21 02:33:01,放射_5051,2026-02-20 18:54:01
R3E8D6E4F,P47928,V782043,急诊,R3E8D6E4F_C7,出院记录,7,2026-02-22 14:24:01,2026-02-22 15:18:01,麻醉_8199,2026-02-20 18:54:01
R3E8D6E4F,P47928,V782043,急诊,R3E8D6E4F_C8,知情同意,8,2026-02-22 19:54:01,2026-02-22 20:17:01,心内_6136,2026-02-20 18:54:01
RB88DA1C5,P11110,V245751,手术,RB88DA1C5_C1,入院记录,1,2026-02-23 17:32:46,2026-02-23 18:02:46,ICU_2156,2026-02-23 18:32:46
RB88DA1C5,P11110,V245751,手术,RB88DA1C5_C2,首次病程,2,2026-02-25 03:32:46,2026-02-25 03:46:46,急诊_8150,2026-02-23 18:32:46
RB88DA1C5,P11110,V245751,手术,RB88DA1C5_C3,日常病程,3,2026-02-24 06:02:46,2026-02-24 06:51:46,神外_1522,2026-02-23 18:32:46
RB88DA1C5,P11110,V245751,手术,RB88DA1C5_C4,手术记录,4,2026-02-25 08:32:46,2026-02-25 09:09:46,妇产_1509,2026-02-23 18:32:46
RB88DA1C5,P11110,V245751,手术,RB88DA1C5_C5,麻醉记录,5,2026-02-24 15:02:46,2026-02-24 15:36:46,骨科_3981,2026-02-23 18:32:46
RB88DA1C5,P11110,V245751,手术,RB88DA1C5_C6,术后病程,6,2026-02-25 09:32:46,2026-02-25 09:49:46,放射_3446,2026-02-23 18:32:46
RB88DA1C5,P11110,V245751,手术,RB88DA1C5_C7,出院记录,7,2026-02-25 16:02:46,2026-02-25 16:54:46,心内_6586,2026-02-23 18:32:46
RB88DA1C5,P11110,V245751,手术,RB88DA1C5_C8,知情同意,8,2026-02-25 18:32:46,2026-02-25 18:55:46,检验_5417,2026-02-23 18:32:46
RFC46EB8E,P86540,V616472,急诊,RFC46EB8E_C1,入院记录,1,2026-02-26 15:45:30,2026-02-26 16:10:30,心内_7756,2026-02-26 18:45:30
RFC46EB8E,P86540,V616472,急诊,RFC46EB8E_C2,首次病程,2,2026-02-27 23:45:30,2026-02-27 23:50:30,妇产_4883,2026-02-26 18:45:30
RFC46EB8E,P86540,V616472,急诊,RFC46EB8E_C3,日常病程,3,2026-02-27 06:15:30,2026-02-27 06:55:30,神外_7155,2026-02-26 18:45:30
RFC46EB8E,P86540,V616472,急诊,RFC46EB8E_C4,手术记录,4,2026-02-28 11:45:30,2026-02-28 12:15:30,心内_6191,2026-02-26 18:45:30
RFC46EB8E,P86540,V616472,急诊,RFC46EB8E_C5,麻醉记录,5,2026-02-28 01:15:30,2026-02-28 01:24:30,急诊_8984,2026-02-26 18:45:30
RFC46EB8E,P86540,V616472,急诊,RFC46EB8E_C6,术后病程,6,2026-02-27 20:45:30,2026-02-27 21:20:30,放射_1946,2026-02-26 18:45:30
RFC46EB8E,P86540,V616472,急诊,RFC46EB8E_C7,出院记录,7,2026-02-28 06:15:30,2026-02-28 06:58:30,放射_1219,2026-02-26 18:45:30
RFC46EB8E,P86540,V616472,急诊,RFC46EB8E_C8,知情同意,8,2026-02-27 11:45:30,2026-02-27 12:29:30,ICU_5853,2026-02-26 18:45:30
RAC36186C,P27888,V502680,急诊,RAC36186C_C1,入院记录,1,2026-01-05 15:54:51,2026-01-05 16:21:51,儿科_5112,2026-01-05 17:54:51
RAC36186C,P27888,V502680,急诊,RAC36186C_C2,首次病程,2,2026-01-06 16:54:51,2026-01-06 17:18:51,心内_5545,2026-01-05 17:54:51
RAC36186C,P27888,V502680,急诊,RAC36186C_C3,日常病程,3,2026-01-06 04:24:51,2026-01-06 05:14:51,妇产_1626,2026-01-05 17:54:51
RAC36186C,P27888,V502680,急诊,RAC36186C_C4,手术记录,4,2026-01-07 11:54:51,2026-01-07 12:49:51,儿科_8581,2026-01-05 17:54:51
RAC36186C,P27888,V502680,急诊,RAC36186C_C5,麻醉记录,5,2026-01-07 03:24:51,2026-01-07 03:44:51,神外_2189,2026-01-05 17:54:51
RAC36186C,P27888,V502680,急诊,RAC36186C_C6,术后病程,6,2026-01-07 00:54:51,2026-01-07 01:33:51,ICU_1997,2026-01-05 17:54:51
RAC36186C,P27888,V502680,急诊,RAC36186C_C7,出院记录,7,2026-01-07 21:24:51,2026-01-07 21:41:51,骨科_2415,2026-01-05 17:54:51
RAC36186C,P27888,V502680,急诊,RAC36186C_C8,知情同意,8,2026-01-06 01:54:51,2026-01-06 02:05:51,急诊_8041,2026-01-05 17:54:51
RAA390FA0,P49429,V748720,急诊,RAA390FA0_C1,入院记录,1,2026-01-13 05:56:17,2026-01-13 06:12:17,神外_2545,2026-01-13 08:56:17
RAA390FA0,P49429,V748720,急诊,RAA390FA0_C2,首次病程,2,2026-01-14 01:56:17,2026-01-14 02:30:17,急诊_5751,2026-01-13 08:56:17
RAA390FA0,P49429,V748720,急诊,RAA390FA0_C3,日常病程,3,2026-01-13 12:26:17,2026-01-13 12:32:17,检验_3237,2026-01-13 08:56:17
RAA390FA0,P49429,V748720,急诊,RAA390FA0_C4,手术记录,4,2026-01-13 15:56:17,2026-01-13 16:30:17,心内_6679,2026-01-13 08:56:17
RAA390FA0,P49429,V748720,急诊,RAA390FA0_C5,麻醉记录,5,2026-01-14 12:26:17,2026-01-14 13:10:17,神外_1325,2026-01-13 08:56:17
RAA390FA0,P49429,V748720,急诊,RAA390FA0_C6,术后病程,6,2026-01-14 22:56:17,2026-01-14 23:28:17,检验_8597,2026-01-13 08:56:17
RAA390FA0,P49429,V748720,急诊,RAA390FA0_C7,出院记录,7,2026-01-14 15:26:17,2026-01-14 16:10:17,急诊_8787,2026-01-13 08:56:17
RAA390FA0,P49429,V748720,急诊,RAA390FA0_C8,知情同意,8,2026-01-14 08:56:17,2026-01-14 09:26:17,急诊_1947,2026-01-13 08:56:17
R7522300C,P17131,V261416,普通,R7522300C_C1,入院记录,1,2026-03-12 17:51:47,2026-03-12 18:07:47,放射_6266,2026-03-12 18:51:47
R7522300C,P17131,V261416,普通,R7522300C_C2,首次病程,2,2026-03-14 11:51:47,2026-03-14 12:08:47,麻醉_7668,2026-03-12 18:51:47
R7522300C,P17131,V261416,普通,R7522300C_C3,日常病程,3,2026-03-13 09:21:47,2026-03-13 09:33:47,妇产_4712,2026-03-12 18:51:47
R7522300C,P17131,V261416,普通,R7522300C_C4,手术记录,4,2026-03-14 10:51:47,2026-03-14 11:10:47,ICU_6901,2026-03-12 18:51:47
R7522300C,P17131,V261416,普通,R7522300C_C5,麻醉记录,5,2026-03-14 08:21:47,2026-03-14 09:04:47,骨科_5132,2026-03-12 18:51:47
R7522300C,P17131,V261416,普通,R7522300C_C6,术后病程,6,2026-03-13 19:51:47,2026-03-13 20:33:47,神外_9078,2026-03-12 18:51:47
R7522300C,P17131,V261416,普通,R7522300C_C7,出院记录,7,2026-03-13 22:21:47,2026-03-13 22:44:47,急诊_8547,2026-03-12 18:51:47
R7522300C,P17131,V261416,普通,R7522300C_C8,知情同意,8,2026-03-13 19:51:47,2026-03-13 20:26:47,ICU_2450,2026-03-12 18:51:47
RA22D9484,P68691,V330856,普通,RA22D9484_C1,入院记录,1,2026-03-26 15:13:22,2026-03-26 15:34:22,检验_4286,2026-03-26 17:13:22
RA22D9484,P68691,V330856,普通,RA22D9484_C2,首次病程,2,2026-03-27 20:13:22,2026-03-27 21:08:22,神外_2510,2026-03-26 17:13:22
RA22D9484,P68691,V330856,普通,RA22D9484_C3,日常病程,3,2026-03-27 16:43:22,2026-03-27 17:38:22,儿科_2368,2026-03-26 17:13:22
RA22D9484,P68691,V330856,普通,RA22D9484_C4,手术记录,4,2026-03-27 09:13:22,2026-03-27 09:41:22,骨科_1684,2026-03-26 17:13:22
RA22D9484,P68691,V330856,普通,RA22D9484_C5,麻醉记录,5,2026-03-26 21:43:22,2026-03-26 22:20:22,神外_5422,2026-03-26 17:13:22
RA22D9484,P68691,V330856,普通,RA22D9484_C6,术后病程,6,2026-03-28 08:13:22,2026-03-28 08:53:22,ICU_8396,2026-03-26 17:13:22
RA22D9484,P68691,V330856,普通,RA22D9484_C7,出院记录,7,2026-03-27 11:43:22,2026-03-27 12:40:22,神外_3882,2026-03-26 17:13:22
RA22D9484,P68691,V330856,普通,RA22D9484_C8,知情同意,8,2026-03-28 12:13:22,2026-03-28 12:24:22,ICU_2034,2026-03-26 17:13:22
R62EF4225,P16952,V211777,入院,R62EF4225_C1,入院记录,1,2026-03-30 16:05:28,2026-03-30 16:30:28,心内_9931,2026-03-30 19:05:28
R62EF4225,P16952,V211777,入院,R62EF4225_C2,首次病程,2,2026-03-31 17:05:28,2026-03-31 17:11:28,妇产_9041,2026-03-30 19:05:28
R62EF4225,P16952,V211777,入院,R62EF4225_C3,日常病程,3,2026-04-01 16:35:28,2026-04-01 16:54:28,麻醉_6467,2026-03-30 19:05:28
R62EF4225,P16952,V211777,入院,R62EF4225_C4,手术记录,4,2026-04-01 00:05:28,2026-04-01 00:19:28,麻醉_6085,2026-03-30 19:05:28
R62EF4225,P16952,V211777,入院,R62EF4225_C5,麻醉记录,5,2026-03-31 01:35:28,2026-03-31 02:01:28,放射_6111,2026-03-30 19:05:28
R62EF4225,P16952,V211777,入院,R62EF4225_C6,术后病程,6,2026-04-01 12:05:28,2026-04-01 12:19:28,妇产_2536,2026-03-30 19:05:28
R62EF4225,P16952,V211777,入院,R62EF4225_C7,出院记录,7,2026-04-01 03:35:28,2026-04-01 04:03:28,放射_7831,2026-03-30 19:05:28
R62EF4225,P16952,V211777,入院,R62EF4225_C8,知情同意,8,2026-03-31 07:05:28,2026-03-31 07:54:28,放射_6052,2026-03-30 19:05:28
RFDF6A0E0,P57283,V533842,入院,RFDF6A0E0_C1,入院记录,1,2026-01-29 12:14:05,2026-01-29 12:34:05,麻醉_9363,2026-01-29 15:14:05
RFDF6A0E0,P57283,V533842,入院,RFDF6A0E0_C2,首次病程,2,2026-01-29 20:14:05,2026-01-29 20:53:05,骨科_5738,2026-01-29 15:14:05
RFDF6A0E0,P57283,V533842,入院,RFDF6A0E0_C3,日常病程,3,2026-01-30 14:44:05,2026-01-30 15:24:05,检验_8178,2026-01-29 15:14:05
RFDF6A0E0,P57283,V533842,入院,RFDF6A0E0_C4,手术记录,4,2026-01-31 13:14:05,2026-01-31 14:13:05,心内_3195,2026-01-29 15:14:05
RFDF6A0E0,P57283,V533842,入院,RFDF6A0E0_C5,麻醉记录,5,2026-01-30 20:44:05,2026-01-30 21:09:05,急诊_2001,2026-01-29 15:14:05
RFDF6A0E0,P57283,V533842,入院,RFDF6A0E0_C6,术后病程,6,2026-01-31 03:14:05,2026-01-31 03:51:05,ICU_5197,2026-01-29 15:14:05
RFDF6A0E0,P57283,V533842,入院,RFDF6A0E0_C7,出院记录,7,2026-01-30 03:44:05,2026-01-30 03:59:05,神外_1636,2026-01-29 15:14:05
RFDF6A0E0,P57283,V533842,入院,RFDF6A0E0_C8,知情同意,8,2026-01-30 09:14:05,2026-01-30 09:38:05,检验_9095,2026-01-29 15:14:05
R8FC91343,P14871,V525050,入院,R8FC91343_C1,入院记录,1,2026-03-24 22:38:36,2026-03-24 23:01:36,心内_1688,2026-03-25 02:38:36
R8FC91343,P14871,V525050,入院,R8FC91343_C2,首次病程,2,2026-03-26 13:38:36,2026-03-26 13:43:36,儿科_2693,2026-03-25 02:38:36
R8FC91343,P14871,V525050,入院,R8FC91343_C3,日常病程,3,2026-03-27 03:08:36,2026-03-27 03:38:36,心内_1728,2026-03-25 02:38:36
R8FC91343,P14871,V525050,入院,R8FC91343_C4,手术记录,4,2026-03-25 11:38:36,2026-03-25 12:09:36,麻醉_3870,2026-03-25 02:38:36
R8FC91343,P14871,V525050,入院,R8FC91343_C5,麻醉记录,5,2026-03-26 01:08:36,2026-03-26 02:03:36,检验_2623,2026-03-25 02:38:36
R8FC91343,P14871,V525050,入院,R8FC91343_C6,术后病程,6,2026-03-25 20:38:36,2026-03-25 21:18:36,骨科_8914,2026-03-25 02:38:36
R8FC91343,P14871,V525050,入院,R8FC91343_C7,出院记录,7,2026-03-26 21:08:36,2026-03-26 21:51:36,骨科_7943,2026-03-25 02:38:36
R8FC91343,P14871,V525050,入院,R8FC91343_C8,知情同意,8,2026-03-26 06:38:36,2026-03-26 07:12:36,检验_5598,2026-03-25 02:38:36
RD38B82AC,P86034,V979414,手术,RD38B82AC_C1,入院记录,1,2026-02-27 02:53:02,2026-02-27 03:03:02,妇产_2044,2026-02-27 06:53:02
RD38B82AC,P86034,V979414,手术,RD38B82AC_C2,首次病程,2,2026-03-01 06:53:02,2026-03-01 07:23:02,妇产_1089,2026-02-27 06:53:02
RD38B82AC,P86034,V979414,手术,RD38B82AC_C3,日常病程,3,2026-02-28 16:23:02,2026-02-28 17:21:02,ICU_9020,2026-02-27 06:53:02
RD38B82AC,P86034,V979414,手术,RD38B82AC_C4,手术记录,4,2026-02-28 19:53:02,2026-02-28 20:48:02,心内_9581,2026-02-27 06:53:02
RD38B82AC,P86034,V979414,手术,RD38B82AC_C5,麻醉记录,5,2026-02-28 00:23:02,2026-02-28 00:28:02,麻醉_5195,2026-02-27 06:53:02
RD38B82AC,P86034,V979414,手术,RD38B82AC_C6,术后病程,6,2026-02-28 16:53:02,2026-02-28 17:29:02,妇产_5942,2026-02-27 06:53:02
RD38B82AC,P86034,V979414,手术,RD38B82AC_C7,出院记录,7,2026-02-28 01:23:02,2026-02-28 02:19:02,放射_5104,2026-02-27 06:53:02
RD38B82AC,P86034,V979414,手术,RD38B82AC_C8,知情同意,8,2026-03-01 10:53:02,2026-03-01 11:23:02,心内_6230,2026-02-27 06:53:02
R2F668633,P45262,V738243,手术,R2F668633_C1,入院记录,1,2026-01-22 11:58:32,2026-01-22 12:08:32,神外_2582,2026-01-22 14:58:32
R2F668633,P45262,V738243,手术,R2F668633_C2,首次病程,2,2026-01-23 08:58:32,2026-01-23 09:04:32,放射_5476,2026-01-22 14:58:32
R2F668633,P45262,V738243,手术,R2F668633_C3,日常病程,3,2026-01-22 17:28:32,2026-01-22 17:33:32,神外_2388,2026-01-22 14:58:32
R2F668633,P45262,V738243,手术,R2F668633_C4,手术记录,4,2026-01-23 19:58:32,2026-01-23 20:44:32,儿科_7661,2026-01-22 14:58:32
R2F668633,P45262,V738243,手术,R2F668633_C5,麻醉记录,5,2026-01-24 16:28:32,2026-01-24 16:54:32,检验_2166,2026-01-22 14:58:32
R2F668633,P45262,V738243,手术,R2F668633_C6,术后病程,6,2026-01-22 20:58:32,2026-01-22 21:23:32,妇产_1522,2026-01-22 14:58:32
R2F668633,P45262,V738243,手术,R2F668633_C7,出院记录,7,2026-01-24 07:28:32,2026-01-24 07:53:32,心内_7008,2026-01-22 14:58:32
R2F668633,P45262,V738243,手术,R2F668633_C8,知情同意,8,2026-01-24 02:58:32,2026-01-24 03:27:32,检验_7800,2026-01-22 14:58:32
RFEBBE914,P70238,V248478,手术,RFEBBE914_C1,入院记录,1,2026-01-01 03:56:57,2026-01-01 04:01:57,麻醉_5400,2026-01-01 06:56:57
RFEBBE914,P70238,V248478,手术,RFEBBE914_C2,首次病程,2,2026-01-01 21:56:57,2026-01-01 22:49:57,急诊_1170,2026-01-01 06:56:57
RFEBBE914,P70238,V248478,手术,RFEBBE914_C3,日常病程,3,2026-01-02 08:26:57,2026-01-02 09:08:57,妇产_3225,2026-01-01 06:56:57
RFEBBE914,P70238,V248478,手术,RFEBBE914_C4,手术记录,4,2026-01-01 20:56:57,2026-01-01 21:42:57,ICU_1934,2026-01-01 06:56:57
RFEBBE914,P70238,V248478,手术,RFEBBE914_C5,麻醉记录,5,2026-01-01 10:26:57,2026-01-01 11:13:57,放射_8406,2026-01-01 06:56:57
RFEBBE914,P70238,V248478,手术,RFEBBE914_C6,术后病程,6,2026-01-02 20:56:57,2026-01-02 21:26:57,麻醉_5083,2026-01-01 06:56:57
RFEBBE914,P70238,V248478,手术,RFEBBE914_C7,出院记录,7,2026-01-02 02:26:57,2026-01-02 03:22:57,儿科_5376,2026-01-01 06:56:57
RFEBBE914,P70238,V248478,手术,RFEBBE914_C8,知情同意,8,2026-01-02 14:56:57,2026-01-02 15:45:57,急诊_5427,2026-01-01 06:56:57
RE0921752,P72726,V158533,手术,RE0921752_C1,入院记录,1,2026-02-28 08:46:52,2026-02-28 09:03:52,儿科_7830,2026-02-28 10:46:52
RE0921752,P72726,V158533,手术,RE0921752_C2,首次病程,2,2026-03-01 14:46:52,2026-03-01 15:03:52,妇产_8614,2026-02-28 10:46:52
RE0921752,P72726,V158533,手术,RE0921752_C3,日常病程,3,2026-02-28 21:16:52,2026-02-28 21:24:52,放射_8034,2026-02-28 10:46:52
RE0921752,P72726,V158533,手术,RE0921752_C4,手术记录,4,2026-03-02 08:46:52,2026-03-02 09:24:52,心内_8904,2026-02-28 10:46:52
RE0921752,P72726,V158533,手术,RE0921752_C5,麻醉记录,5,2026-03-02 06:16:52,2026-03-02 06:41:52,检验_7713,2026-02-28 10:46:52
RE0921752,P72726,V158533,手术,RE0921752_C6,术后病程,6,2026-03-01 07:46:52,2026-03-01 08:30:52,儿科_2083,2026-02-28 10:46:52
RE0921752,P72726,V158533,手术,RE0921752_C7,出院记录,7,2026-03-01 01:16:52,2026-03-01 01:52:52,儿科_2647,2026-02-28 10:46:52
RE0921752,P72726,V158533,手术,RE0921752_C8,知情同意,8,2026-03-01 18:46:52,2026-03-01 19:06:52,急诊_5249,2026-02-28 10:46:52
RBFD5B57D,P41073,V177410,入院,RBFD5B57D_C1,入院记录,1,2026-01-14 06:06:40,2026-01-14 06:17:40,骨科_5106,2026-01-14 09:06:40
RBFD5B57D,P41073,V177410,入院,RBFD5B57D_C2,首次病程,2,2026-01-16 01:06:40,2026-01-16 01:56:40,儿科_5456,2026-01-14 09:06:40
RBFD5B57D,P41073,V177410,入院,RBFD5B57D_C3,日常病程,3,2026-01-16 05:36:40,2026-01-16 06:17:40,急诊_4238,2026-01-14 09:06:40
RBFD5B57D,P41073,V177410,入院,RBFD5B57D_C4,手术记录,4,2026-01-16 09:06:40,2026-01-16 09:59:40,检验_6572,2026-01-14 09:06:40
RBFD5B57D,P41073,V177410,入院,RBFD5B57D_C5,麻醉记录,5,2026-01-15 21:36:40,2026-01-15 22:35:40,检验_5040,2026-01-14 09:06:40
RBFD5B57D,P41073,V177410,入院,RBFD5B57D_C6,术后病程,6,2026-01-14 22:06:40,2026-01-14 22:22:40,妇产_2524,2026-01-14 09:06:40
RBFD5B57D,P41073,V177410,入院,RBFD5B57D_C7,出院记录,7,2026-01-15 17:36:40,2026-01-15 17:56:40,检验_4141,2026-01-14 09:06:40
RBFD5B57D,P41073,V177410,入院,RBFD5B57D_C8,知情同意,8,2026-01-16 00:06:40,2026-01-16 00:36:40,麻醉_7270,2026-01-14 09:06:40
R67170C75,P33607,V187053,手术,R67170C75_C1,入院记录,1,2026-02-01 12:03:17,2026-02-01 12:20:17,检验_8005,2026-02-01 13:03:17
R67170C75,P33607,V187053,手术,R67170C75_C2,首次病程,2,2026-02-03 14:03:17,2026-02-03 14:48:17,妇产_6511,2026-02-01 13:03:17
R67170C75,P33607,V187053,手术,R67170C75_C3,日常病程,3,2026-02-02 22:33:17,2026-02-02 22:59:17,妇产_3114,2026-02-01 13:03:17
R67170C75,P33607,V187053,手术,R67170C75_C4,手术记录,4,2026-02-02 21:03:17,2026-02-02 22:02:17,骨科_8724,2026-02-01 13:03:17
R67170C75,P33607,V187053,手术,R67170C75_C5,麻醉记录,5,2026-02-03 04:33:17,2026-02-03 05:24:17,妇产_7055,2026-02-01 13:03:17
R67170C75,P33607,V187053,手术,R67170C75_C6,术后病程,6,2026-02-02 06:03:17,2026-02-02 06:36:17,麻醉_1169,2026-02-01 13:03:17
R67170C75,P33607,V187053,手术,R67170C75_C7,出院记录,7,2026-02-01 17:33:17,2026-02-01 17:45:17,神外_3374,2026-02-01 13:03:17
R67170C75,P33607,V187053,手术,R67170C75_C8,知情同意,8,2026-02-02 02:03:17,2026-02-02 02:33:17,儿科_2555,2026-02-01 13:03:17
R4C6371E4,P76170,V722921,入院,R4C6371E4_C1,入院记录,1,2026-01-05 06:03:08,2026-01-05 06:09:08,放射_1356,2026-01-05 10:03:08
R4C6371E4,P76170,V722921,入院,R4C6371E4_C2,首次病程,2,2026-01-07 00:03:08,2026-01-07 00:58:08,神外_7636,2026-01-05 10:03:08
R4C6371E4,P76170,V722921,入院,R4C6371E4_C3,日常病程,3,2026-01-07 08:33:08,2026-01-07 08:45:08,儿科_8420,2026-01-05 10:03:08
R4C6371E4,P76170,V722921,入院,R4C6371E4_C4,手术记录,4,2026-01-06 08:03:08,2026-01-06 08:37:08,妇产_2954,2026-01-05 10:03:08
R4C6371E4,P76170,V722921,入院,R4C6371E4_C5,麻醉记录,5,2026-01-06 19:33:08,2026-01-06 19:58:08,放射_3246,2026-01-05 10:03:08
R4C6371E4,P76170,V722921,入院,R4C6371E4_C6,术后病程,6,2026-01-05 19:03:08,2026-01-05 19:17:08,神外_9578,2026-01-05 10:03:08
R4C6371E4,P76170,V722921,入院,R4C6371E4_C7,出院记录,7,2026-01-05 19:33:08,2026-01-05 20:19:08,骨科_5766,2026-01-05 10:03:08
R4C6371E4,P76170,V722921,入院,R4C6371E4_C8,知情同意,8,2026-01-06 01:03:08,2026-01-06 01:35:08,心内_9887,2026-01-05 10:03:08
R7143FC78,P11658,V439747,入院,R7143FC78_C1,入院记录,1,2026-03-05 10:07:18,2026-03-05 10:23:18,麻醉_2977,2026-03-05 14:07:18
R7143FC78,P11658,V439747,入院,R7143FC78_C2,首次病程,2,2026-03-07 03:07:18,2026-03-07 03:28:18,麻醉_2414,2026-03-05 14:07:18
R7143FC78,P11658,V439747,入院,R7143FC78_C3,日常病程,3,2026-03-06 12:37:18,2026-03-06 13:27:18,儿科_6546,2026-03-05 14:07:18
R7143FC78,P11658,V439747,入院,R7143FC78_C4,手术记录,4,2026-03-06 23:07:18,2026-03-06 23:27:18,神外_2770,2026-03-05 14:07:18
R7143FC78,P11658,V439747,入院,R7143FC78_C5,麻醉记录,5,2026-03-07 02:37:18,2026-03-07 03:25:18,心内_9475,2026-03-05 14:07:18
R7143FC78,P11658,V439747,入院,R7143FC78_C6,术后病程,6,2026-03-05 18:07:18,2026-03-05 18:55:18,神外_7552,2026-03-05 14:07:18
R7143FC78,P11658,V439747,入院,R7143FC78_C7,出院记录,7,2026-03-06 00:37:18,2026-03-06 00:56:18,检验_5345,2026-03-05 14:07:18
R7143FC78,P11658,V439747,入院,R7143FC78_C8,知情同意,8,2026-03-06 20:07:18,2026-03-06 20:58:18,心内_3034,2026-03-05 14:07:18
R7E9A990B,P99108,V611200,手术,R7E9A990B_C1,入院记录,1,2026-01-17 09:37:46,2026-01-17 09:53:46,放射_3570,2026-01-17 13:37:46
R7E9A990B,P99108,V611200,手术,R7E9A990B_C2,首次病程,2,2026-01-19 03:37:46,2026-01-19 04:29:46,急诊_3527,2026-01-17 13:37:46
R7E9A990B,P99108,V611200,手术,R7E9A990B_C3,日常病程,3,2026-01-18 18:07:46,2026-01-18 18:47:46,急诊_7013,2026-01-17 13:37:46
R7E9A990B,P99108,V611200,手术,R7E9A990B_C4,手术记录,4,2026-01-19 06:37:46,2026-01-19 07:23:46,心内_1119,2026-01-17 13:37:46
R7E9A990B,P99108,V611200,手术,R7E9A990B_C5,麻醉记录,5,2026-01-18 12:07:46,2026-01-18 12:38:46,麻醉_6428,2026-01-17 13:37:46
R7E9A990B,P99108,V611200,手术,R7E9A990B_C6,术后病程,6,2026-01-18 14:37:46,2026-01-18 14:58:46,儿科_6645,2026-01-17 13:37:46
R7E9A990B,P99108,V611200,手术,R7E9A990B_C7,出院记录,7,2026-01-18 23:07:46,2026-01-18 23:23:46,骨科_9138,2026-01-17 13:37:46
R7E9A990B,P99108,V611200,手术,R7E9A990B_C8,知情同意,8,2026-01-18 21:37:46,2026-01-18 22:17:46,检验_2184,2026-01-17 13:37:46
RFDC6682E,P78387,V590043,急诊,RFDC6682E_C1,入院记录,1,2026-03-16 06:20:17,2026-03-16 06:38:17,心内_5645,2026-03-16 09:20:17
RFDC6682E,P78387,V590043,急诊,RFDC6682E_C2,首次病程,2,2026-03-18 00:20:17,2026-03-18 01:18:17,骨科_6693,2026-03-16 09:20:17
RFDC6682E,P78387,V590043,急诊,RFDC6682E_C3,日常病程,3,2026-03-17 04:50:17,2026-03-17 05:11:17,心内_8335,2026-03-16 09:20:17
RFDC6682E,P78387,V590043,急诊,RFDC6682E_C4,手术记录,4,2026-03-17 14:20:17,2026-03-17 14:42:17,检验_9559,2026-03-16 09:20:17
RFDC6682E,P78387,V590043,急诊,RFDC6682E_C5,麻醉记录,5,2026-03-17 16:50:17,2026-03-17 17:23:17,放射_2091,2026-03-16 09:20:17
RFDC6682E,P78387,V590043,急诊,RFDC6682E_C6,术后病程,6,2026-03-18 06:20:17,2026-03-18 06:59:17,心内_3244,2026-03-16 09:20:17
RFDC6682E,P78387,V590043,急诊,RFDC6682E_C7,出院记录,7,2026-03-17 06:50:17,2026-03-17 07:15:17,神外_5875,2026-03-16 09:20:17
RFDC6682E,P78387,V590043,急诊,RFDC6682E_C8,知情同意,8,2026-03-18 04:20:17,2026-03-18 04:53:17,心内_9591,2026-03-16 09:20:17
R2349E0CE,P92150,V882937,入院,R2349E0CE_C1,入院记录,1,2026-03-22 15:46:33,2026-03-22 16:00:33,心内_8707,2026-03-22 19:46:33
R2349E0CE,P92150,V882937,入院,R2349E0CE_C2,首次病程,2,2026-03-22 23:46:33,2026-03-23 00:26:33,ICU_9151,2026-03-22 19:46:33
R2349E0CE,P92150,V882937,入院,R2349E0CE_C3,日常病程,3,2026-03-23 00:16:33,2026-03-23 00:54:33,心内_4056,2026-03-22 19:46:33
R2349E0CE,P92150,V882937,入院,R2349E0CE_C4,手术记录,4,2026-03-24 17:46:33,2026-03-24 18:14:33,检验_8186,2026-03-22 19:46:33
R2349E0CE,P92150,V882937,入院,R2349E0CE_C5,麻醉记录,5,2026-03-23 01:16:33,2026-03-23 01:53:33,ICU_2568,2026-03-22 19:46:33
R2349E0CE,P92150,V882937,入院,R2349E0CE_C6,术后病程,6,2026-03-23 14:46:33,2026-03-23 15:06:33,儿科_4046,2026-03-22 19:46:33
R2349E0CE,P92150,V882937,入院,R2349E0CE_C7,出院记录,7,2026-03-23 16:16:33,2026-03-23 17:06:33,检验_5360,2026-03-22 19:46:33
R2349E0CE,P92150,V882937,入院,R2349E0CE_C8,知情同意,8,2026-03-23 10:46:33,2026-03-23 10:55:33,儿科_2941,2026-03-22 19:46:33
RD5B077C7,P87128,V160389,急诊,RD5B077C7_C1,入院记录,1,2025-12-31 15:54:15,2025-12-31 16:17:15,麻醉_5784,2025-12-31 16:54:15
RD5B077C7,P87128,V160389,急诊,RD5B077C7_C2,首次病程,2,2026-01-01 15:54:15,2026-01-01 16:28:15,儿科_7060,2025-12-31 16:54:15
RD5B077C7,P87128,V160389,急诊,RD5B077C7_C3,日常病程,3,2026-01-02 13:24:15,2026-01-02 14:12:15,妇产_9361,2025-12-31 16:54:15
RD5B077C7,P87128,V160389,急诊,RD5B077C7_C4,手术记录,4,2026-01-01 22:54:15,2026-01-01 23:26:15,麻醉_2565,2025-12-31 16:54:15
RD5B077C7,P87128,V160389,急诊,RD5B077C7_C5,麻醉记录,5,2026-01-02 11:24:15,2026-01-02 11:38:15,检验_6793,2025-12-31 16:54:15
RD5B077C7,P87128,V160389,急诊,RD5B077C7_C6,术后病程,6,2026-01-02 05:54:15,2026-01-02 06:12:15,检验_5999,2025-12-31 16:54:15
RD5B077C7,P87128,V160389,急诊,RD5B077C7_C7,出院记录,7,2026-01-02 20:24:15,2026-01-02 21:07:15,神外_6134,2025-12-31 16:54:15
RD5B077C7,P87128,V160389,急诊,RD5B077C7_C8,知情同意,8,2025-12-31 22:54:15,2025-12-31 23:47:15,检验_8687,2025-12-31 16:54:15
R1CE668CE,P38384,V997731,手术,R1CE668CE_C1,入院记录,1,2026-02-23 07:00:21,2026-02-23 07:18:21,心内_4668,2026-02-23 09:00:21
R1CE668CE,P38384,V997731,手术,R1CE668CE_C2,首次病程,2,2026-02-23 14:00:21,2026-02-23 14:24:21,妇产_1856,2026-02-23 09:00:21
R1CE668CE,P38384,V997731,手术,R1CE668CE_C3,日常病程,3,2026-02-23 17:30:21,2026-02-23 18:25:21,麻醉_5692,2026-02-23 09:00:21
R1CE668CE,P38384,V997731,手术,R1CE668CE_C4,手术记录,4,2026-02-24 11:00:21,2026-02-24 11:44:21,骨科_4608,2026-02-23 09:00:21
R1CE668CE,P38384,V997731,手术,R1CE668CE_C5,麻醉记录,5,2026-02-23 12:30:21,2026-02-23 13:19:21,儿科_7633,2026-02-23 09:00:21
R1CE668CE,P38384,V997731,手术,R1CE668CE_C6,术后病程,6,2026-02-23 18:00:21,2026-02-23 18:37:21,骨科_4528,2026-02-23 09:00:21
R1CE668CE,P38384,V997731,手术,R1CE668CE_C7,出院记录,7,2026-02-25 08:30:21,2026-02-25 08:57:21,急诊_6006,2026-02-23 09:00:21
R1CE668CE,P38384,V997731,手术,R1CE668CE_C8,知情同意,8,2026-02-24 15:00:21,2026-02-24 15:12:21,放射_3317,2026-02-23 09:00:21
R7A1D5B51,P57387,V493640,入院,R7A1D5B51_C1,入院记录,1,2026-02-16 06:01:35,2026-02-16 06:14:35,神外_7580,2026-02-16 08:01:35
R7A1D5B51,P57387,V493640,入院,R7A1D5B51_C2,首次病程,2,2026-02-17 10:01:35,2026-02-17 10:11:35,ICU_9197,2026-02-16 08:01:35
R7A1D5B51,P57387,V493640,入院,R7A1D5B51_C3,日常病程,3,2026-02-16 09:31:35,2026-02-16 09:42:35,骨科_4838,2026-02-16 08:01:35
R7A1D5B51,P57387,V493640,入院,R7A1D5B51_C4,手术记录,4,2026-02-16 22:01:35,2026-02-16 22:19:35,放射_6695,2026-02-16 08:01:35
R7A1D5B51,P57387,V493640,入院,R7A1D5B51_C5,麻醉记录,5,2026-02-18 02:31:35,2026-02-18 02:37:35,急诊_6342,2026-02-16 08:01:35
R7A1D5B51,P57387,V493640,入院,R7A1D5B51_C6,术后病程,6,2026-02-18 01:01:35,2026-02-18 01:11:35,儿科_6912,2026-02-16 08:01:35
R7A1D5B51,P57387,V493640,入院,R7A1D5B51_C7,出院记录,7,2026-02-17 23:31:35,2026-02-18 00:00:35,心内_2453,2026-02-16 08:01:35
R7A1D5B51,P57387,V493640,入院,R7A1D5B51_C8,知情同意,8,2026-02-17 09:01:35,2026-02-17 09:11:35,麻醉_4450,2026-02-16 08:01:35
RE442FA9A,P38177,V764446,普通,RE442FA9A_C1,入院记录,1,2026-03-07 06:54:32,2026-03-07 07:12:32,妇产_7402,2026-03-07 07:54:32
RE442FA9A,P38177,V764446,普通,RE442FA9A_C2,首次病程,2,2026-03-07 19:54:32,2026-03-07 20:48:32,麻醉_7069,2026-03-07 07:54:32
RE442FA9A,P38177,V764446,普通,RE442FA9A_C3,日常病程,3,2026-03-08 16:24:32,2026-03-08 16:59:32,放射_1796,2026-03-07 07:54:32
RE442FA9A,P38177,V764446,普通,RE442FA9A_C4,手术记录,4,2026-03-08 19:54:32,2026-03-08 20:28:32,神外_3825,2026-03-07 07:54:32
RE442FA9A,P38177,V764446,普通,RE442FA9A_C5,麻醉记录,5,2026-03-08 07:24:32,2026-03-08 07:33:32,检验_5745,2026-03-07 07:54:32
RE442FA9A,P38177,V764446,普通,RE442FA9A_C6,术后病程,6,2026-03-08 21:54:32,2026-03-08 22:36:32,急诊_2861,2026-03-07 07:54:32
RE442FA9A,P38177,V764446,普通,RE442FA9A_C7,出院记录,7,2026-03-09 09:24:32,2026-03-09 10:21:32,神外_3422,2026-03-07 07:54:32
RE442FA9A,P38177,V764446,普通,RE442FA9A_C8,知情同意,8,2026-03-08 12:54:32,2026-03-08 13:28:32,儿科_7472,2026-03-07 07:54:32
R429295F6,P74383,V287650,急诊,R429295F6_C1,入院记录,1,2026-01-06 06:13:06,2026-01-06 06:35:06,放射_6618,2026-01-06 08:13:06
R429295F6,P74383,V287650,急诊,R429295F6_C2,首次病程,2,2026-01-06 22:13:06,2026-01-06 23:02:06,神外_6022,2026-01-06 08:13:06
R429295F6,P74383,V287650,急诊,R429295F6_C3,日常病程,3,2026-01-06 21:43:06,2026-01-06 22:30:06,急诊_6821,2026-01-06 08:13:06
R429295F6,P74383,V287650,急诊,R429295F6_C4,手术记录,4,2026-01-08 00:13:06,2026-01-08 00:26:06,放射_9612,2026-01-06 08:13:06
R429295F6,P74383,V287650,急诊,R429295F6_C5,麻醉记录,5,2026-01-07 09:43:06,2026-01-07 10:38:06,检验_7406,2026-01-06 08:13:06
R429295F6,P74383,V287650,急诊,R429295F6_C6,术后病程,6,2026-01-07 00:13:06,2026-01-07 00:29:06,麻醉_9515,2026-01-06 08:13:06
R429295F6,P74383,V287650,急诊,R429295F6_C7,出院记录,7,2026-01-06 12:43:06,2026-01-06 13:39:06,妇产_8782,2026-01-06 08:13:06
R429295F6,P74383,V287650,急诊,R429295F6_C8,知情同意,8,2026-01-07 15:13:06,2026-01-07 15:41:06,麻醉_2847,2026-01-06 08:13:06
R18862DA2,P36830,V895563,手术,R18862DA2_C1,入院记录,1,2026-03-19 16:57:56,2026-03-19 17:07:56,心内_2777,2026-03-19 17:57:56
R18862DA2,P36830,V895563,手术,R18862DA2_C2,首次病程,2,2026-03-20 23:57:56,2026-03-21 00:17:56,ICU_4336,2026-03-19 17:57:56
R18862DA2,P36830,V895563,手术,R18862DA2_C3,日常病程,3,2026-03-20 11:27:56,2026-03-20 11:32:56,心内_1231,2026-03-19 17:57:56
R18862DA2,P36830,V895563,手术,R18862DA2_C4,手术记录,4,2026-03-21 13:57:56,2026-03-21 14:55:56,麻醉_7930,2026-03-19 17:57:56
R18862DA2,P36830,V895563,手术,R18862DA2_C5,麻醉记录,5,2026-03-20 23:27:56,2026-03-20 23:41:56,妇产_4732,2026-03-19 17:57:56
R18862DA2,P36830,V895563,手术,R18862DA2_C6,术后病程,6,2026-03-21 19:57:56,2026-03-21 20:42:56,ICU_2548,2026-03-19 17:57:56
R18862DA2,P36830,V895563,手术,R18862DA2_C7,出院记录,7,2026-03-20 06:27:56,2026-03-20 07:09:56,麻醉_1932,2026-03-19 17:57:56
R18862DA2,P36830,V895563,手术,R18862DA2_C8,知情同意,8,2026-03-21 12:57:56,2026-03-21 13:23:56,ICU_8997,2026-03-19 17:57:56
R19270353,P69644,V115443,入院,R19270353_C1,入院记录,1,2026-03-14 08:25:53,2026-03-14 08:52:53,儿科_1498,2026-03-14 09:25:53
R19270353,P69644,V115443,入院,R19270353_C2,首次病程,2,2026-03-14 14:25:53,2026-03-14 14:50:53,心内_6434,2026-03-14 09:25:53
R19270353,P69644,V115443,入院,R19270353_C3,日常病程,3,2026-03-16 05:55:53,2026-03-16 06:48:53,骨科_4781,2026-03-14 09:25:53
R19270353,P69644,V115443,入院,R19270353_C4,手术记录,4,2026-03-16 08:25:53,2026-03-16 08:41:53,儿科_4306,2026-03-14 09:25:53
R19270353,P69644,V115443,入院,R19270353_C5,麻醉记录,5,2026-03-15 22:55:53,2026-03-15 23:08:53,神外_7431,2026-03-14 09:25:53
R19270353,P69644,V115443,入院,R19270353_C6,术后病程,6,2026-03-16 02:25:53,2026-03-16 02:54:53,急诊_5302,2026-03-14 09:25:53
R19270353,P69644,V115443,入院,R19270353_C7,出院记录,7,2026-03-15 13:55:53,2026-03-15 14:22:53,妇产_2374,2026-03-14 09:25:53
R19270353,P69644,V115443,入院,R19270353_C8,知情同意,8,2026-03-15 01:25:53,2026-03-15 02:04:53,神外_1122,2026-03-14 09:25:53
R24413667,P31221,V561294,急诊,R24413667_C1,入院记录,1,2026-03-13 11:53:50,2026-03-13 11:58:50,神外_9875,2026-03-13 12:53:50
R24413667,P31221,V561294,急诊,R24413667_C2,首次病程,2,2026-03-14 15:53:50,2026-03-14 16:26:50,妇产_9487,2026-03-13 12:53:50
R24413667,P31221,V561294,急诊,R24413667_C3,日常病程,3,2026-03-14 07:23:50,2026-03-14 07:40:50,心内_9217,2026-03-13 12:53:50
R24413667,P31221,V561294,急诊,R24413667_C4,手术记录,4,2026-03-14 20:53:50,2026-03-14 21:16:50,儿科_8382,2026-03-13 12:53:50
R24413667,P31221,V561294,急诊,R24413667_C5,麻醉记录,5,2026-03-15 14:23:50,2026-03-15 15:21:50,急诊_3254,2026-03-13 12:53:50
R24413667,P31221,V561294,急诊,R24413667_C6,术后病程,6,2026-03-13 23:53:50,2026-03-14 00:34:50,急诊_8719,2026-03-13 12:53:50
R24413667,P31221,V561294,急诊,R24413667_C7,出院记录,7,2026-03-15 15:23:50,2026-03-15 16:21:50,麻醉_4219,2026-03-13 12:53:50
R24413667,P31221,V561294,急诊,R24413667_C8,知情同意,8,2026-03-15 15:53:50,2026-03-15 16:39:50,儿科_2002,2026-03-13 12:53:50
R9BEA34B9,P19225,V867485,急诊,R9BEA34B9_C1,入院记录,1,2026-03-07 16:24:35,2026-03-07 16:39:35,儿科_5147,2026-03-07 20:24:35
R9BEA34B9,P19225,V867485,急诊,R9BEA34B9_C2,首次病程,2,2026-03-08 04:24:35,2026-03-08 05:04:35,骨科_7367,2026-03-07 20:24:35
R9BEA34B9,P19225,V867485,急诊,R9BEA34B9_C3,日常病程,3,2026-03-09 11:54:35,2026-03-09 12:06:35,放射_3343,2026-03-07 20:24:35
R9BEA34B9,P19225,V867485,急诊,R9BEA34B9_C4,手术记录,4,2026-03-09 13:24:35,2026-03-09 13:35:35,骨科_7588,2026-03-07 20:24:35
R9BEA34B9,P19225,V867485,急诊,R9BEA34B9_C5,麻醉记录,5,2026-03-08 04:54:35,2026-03-08 05:02:35,儿科_8234,2026-03-07 20:24:35
R9BEA34B9,P19225,V867485,急诊,R9BEA34B9_C6,术后病程,6,2026-03-08 16:24:35,2026-03-08 17:11:35,麻醉_9346,2026-03-07 20:24:35
R9BEA34B9,P19225,V867485,急诊,R9BEA34B9_C7,出院记录,7,2026-03-08 05:54:35,2026-03-08 06:27:35,儿科_1540,2026-03-07 20:24:35
R9BEA34B9,P19225,V867485,急诊,R9BEA34B9_C8,知情同意,8,2026-03-09 04:24:35,2026-03-09 05:14:35,儿科_5964,2026-03-07 20:24:35
RB92A9406,P22057,V318167,手术,RB92A9406_C1,入院记录,1,2026-01-12 16:42:53,2026-01-12 17:12:53,急诊_3393,2026-01-12 18:42:53
RB92A9406,P22057,V318167,手术,RB92A9406_C2,首次病程,2,2026-01-14 05:42:53,2026-01-14 06:01:53,神外_5906,2026-01-12 18:42:53
RB92A9406,P22057,V318167,手术,RB92A9406_C3,日常病程,3,2026-01-13 10:12:53,2026-01-13 10:46:53,放射_5438,2026-01-12 18:42:53
RB92A9406,P22057,V318167,手术,RB92A9406_C4,手术记录,4,2026-01-13 11:42:53,2026-01-13 12:39:53,骨科_1308,2026-01-12 18:42:53
RB92A9406,P22057,V318167,手术,RB92A9406_C5,麻醉记录,5,2026-01-13 06:12:53,2026-01-13 06:25:53,神外_2442,2026-01-12 18:42:53
RB92A9406,P22057,V318167,手术,RB92A9406_C6,术后病程,6,2026-01-14 10:42:53,2026-01-14 11:33:53,检验_4687,2026-01-12 18:42:53
RB92A9406,P22057,V318167,手术,RB92A9406_C7,出院记录,7,2026-01-14 17:12:53,2026-01-14 17:37:53,麻醉_4857,2026-01-12 18:42:53
RB92A9406,P22057,V318167,手术,RB92A9406_C8,知情同意,8,2026-01-14 17:42:53,2026-01-14 18:13:53,放射_2956,2026-01-12 18:42:53
R1309B515,P42927,V168118,手术,R1309B515_C1,入院记录,1,2026-03-31 04:54:00,2026-03-31 05:00:00,神外_3168,2026-03-31 06:54:00
R1309B515,P42927,V168118,手术,R1309B515_C2,首次病程,2,2026-03-31 07:54:00,2026-03-31 08:39:00,放射_7723,2026-03-31 06:54:00
R1309B515,P42927,V168118,手术,R1309B515_C3,日常病程,3,2026-04-01 03:24:00,2026-04-01 03:55:00,儿科_1466,2026-03-31 06:54:00
R1309B515,P42927,V168118,手术,R1309B515_C4,手术记录,4,2026-04-02 06:54:00,2026-04-02 07:11:00,妇产_1388,2026-03-31 06:54:00
R1309B515,P42927,V168118,手术,R1309B515_C5,麻醉记录,5,2026-04-01 07:24:00,2026-04-01 08:08:00,骨科_6128,2026-03-31 06:54:00
R1309B515,P42927,V168118,手术,R1309B515_C6,术后病程,6,2026-04-02 04:54:00,2026-04-02 05:19:00,麻醉_4036,2026-03-31 06:54:00
R1309B515,P42927,V168118,手术,R1309B515_C7,出院记录,7,2026-04-01 15:24:00,2026-04-01 16:01:00,儿科_1761,2026-03-31 06:54:00
R1309B515,P42927,V168118,手术,R1309B515_C8,知情同意,8,2026-04-02 02:54:00,2026-04-02 03:50:00,心内_2074,2026-03-31 06:54:00
R32BC2FFD,P42781,V953553,手术,R32BC2FFD_C1,入院记录,1,2026-01-04 04:25:20,2026-01-04 04:40:20,骨科_7209,2026-01-04 08:25:20
R32BC2FFD,P42781,V953553,手术,R32BC2FFD_C2,首次病程,2,2026-01-05 06:25:20,2026-01-05 06:50:20,放射_8620,2026-01-04 08:25:20
R32BC2FFD,P42781,V953553,手术,R32BC2FFD_C3,日常病程,3,2026-01-04 14:55:20,2026-01-04 15:19:20,儿科_2979,2026-01-04 08:25:20
R32BC2FFD,P42781,V953553,手术,R32BC2FFD_C4,手术记录,4,2026-01-04 12:25:20,2026-01-04 13:18:20,放射_1061,2026-01-04 08:25:20
R32BC2FFD,P42781,V953553,手术,R32BC2FFD_C5,麻醉记录,5,2026-01-05 23:55:20,2026-01-06 00:25:20,儿科_8357,2026-01-04 08:25:20
R32BC2FFD,P42781,V953553,手术,R32BC2FFD_C6,术后病程,6,2026-01-05 04:25:20,2026-01-05 05:06:20,麻醉_1040,2026-01-04 08:25:20
R32BC2FFD,P42781,V953553,手术,R32BC2FFD_C7,出院记录,7,2026-01-04 16:55:20,2026-01-04 17:02:20,神外_1732,2026-01-04 08:25:20
R32BC2FFD,P42781,V953553,手术,R32BC2FFD_C8,知情同意,8,2026-01-04 23:25:20,2026-01-05 00:17:20,检验_2517,2026-01-04 08:25:20
R8D837840,P49539,V910319,手术,R8D837840_C1,入院记录,1,2026-03-14 10:29:37,2026-03-14 10:49:37,ICU_8070,2026-03-14 11:29:37
R8D837840,P49539,V910319,手术,R8D837840_C2,首次病程,2,2026-03-15 08:29:37,2026-03-15 09:21:37,心内_2372,2026-03-14 11:29:37
R8D837840,P49539,V910319,手术,R8D837840_C3,日常病程,3,2026-03-15 10:59:37,2026-03-15 11:47:37,急诊_5020,2026-03-14 11:29:37
R8D837840,P49539,V910319,手术,R8D837840_C4,手术记录,4,2026-03-15 22:29:37,2026-03-15 22:44:37,放射_2387,2026-03-14 11:29:37
R8D837840,P49539,V910319,手术,R8D837840_C5,麻醉记录,5,2026-03-15 09:59:37,2026-03-15 10:45:37,麻醉_4094,2026-03-14 11:29:37
R8D837840,P49539,V910319,手术,R8D837840_C6,术后病程,6,2026-03-15 08:29:37,2026-03-15 09:20:37,ICU_6639,2026-03-14 11:29:37
R8D837840,P49539,V910319,手术,R8D837840_C7,出院记录,7,2026-03-16 02:59:37,2026-03-16 03:13:37,急诊_8546,2026-03-14 11:29:37
R8D837840,P49539,V910319,手术,R8D837840_C8,知情同意,8,2026-03-16 08:29:37,2026-03-16 09:02:37,神外_7296,2026-03-14 11:29:37
R2DF08F81,P61840,V589537,手术,R2DF08F81_C1,入院记录,1,2026-02-01 12:05:36,2026-02-01 12:32:36,麻醉_2765,2026-02-01 14:05:36
R2DF08F81,P61840,V589537,手术,R2DF08F81_C2,首次病程,2,2026-02-02 11:05:36,2026-02-02 11:58:36,心内_8281,2026-02-01 14:05:36
R2DF08F81,P61840,V589537,手术,R2DF08F81_C3,日常病程,3,2026-02-02 03:35:36,2026-02-02 04:18:36,检验_1849,2026-02-01 14:05:36
R2DF08F81,P61840,V589537,手术,R2DF08F81_C4,手术记录,4,2026-02-03 16:05:36,2026-02-03 17:02:36,急诊_3404,2026-02-01 14:05:36
R2DF08F81,P61840,V589537,手术,R2DF08F81_C5,麻醉记录,5,2026-02-03 12:35:36,2026-02-03 13:33:36,骨科_9832,2026-02-01 14:05:36
R2DF08F81,P61840,V589537,手术,R2DF08F81_C6,术后病程,6,2026-02-01 23:05:36,2026-02-01 23:54:36,儿科_5970,2026-02-01 14:05:36
R2DF08F81,P61840,V589537,手术,R2DF08F81_C7,出院记录,7,2026-02-03 03:35:36,2026-02-03 04:22:36,心内_2052,2026-02-01 14:05:36
R2DF08F81,P61840,V589537,手术,R2DF08F81_C8,知情同意,8,2026-02-03 15:05:36,2026-02-03 15:26:36,心内_4071,2026-02-01 14:05:36
RD85CC9B9,P49811,V442296,入院,RD85CC9B9_C1,入院记录,1,2026-03-25 10:38:30,2026-03-25 10:53:30,ICU_8743,2026-03-25 11:38:30
RD85CC9B9,P49811,V442296,入院,RD85CC9B9_C2,首次病程,2,2026-03-26 22:38:30,2026-03-26 23:14:30,妇产_8621,2026-03-25 11:38:30
RD85CC9B9,P49811,V442296,入院,RD85CC9B9_C3,日常病程,3,2026-03-26 16:08:30,2026-03-26 16:32:30,ICU_2251,2026-03-25 11:38:30
RD85CC9B9,P49811,V442296,入院,RD85CC9B9_C4,手术记录,4,2026-03-27 13:38:30,2026-03-27 14:32:30,检验_8485,2026-03-25 11:38:30
RD85CC9B9,P49811,V442296,入院,RD85CC9B9_C5,麻醉记录,5,2026-03-27 01:08:30,2026-03-27 01:31:30,麻醉_5166,2026-03-25 11:38:30
RD85CC9B9,P49811,V442296,入院,RD85CC9B9_C6,术后病程,6,2026-03-27 10:38:30,2026-03-27 10:52:30,骨科_2129,2026-03-25 11:38:30
RD85CC9B9,P49811,V442296,入院,RD85CC9B9_C7,出院记录,7,2026-03-27 07:08:30,2026-03-27 08:04:30,儿科_7231,2026-03-25 11:38:30
RD85CC9B9,P49811,V442296,入院,RD85CC9B9_C8,知情同意,8,2026-03-27 02:38:30,2026-03-27 03:19:30,急诊_5536,2026-03-25 11:38:30
R99006C3C,P61728,V765342,入院,R99006C3C_C1,入院记录,1,2026-03-06 05:26:12,2026-03-06 05:56:12,麻醉_7897,2026-03-06 08:26:12
R99006C3C,P61728,V765342,入院,R99006C3C_C2,首次病程,2,2026-03-07 20:26:12,2026-03-07 20:47:12,麻醉_2827,2026-03-06 08:26:12
R99006C3C,P61728,V765342,入院,R99006C3C_C3,日常病程,3,2026-03-07 14:56:12,2026-03-07 15:16:12,心内_3674,2026-03-06 08:26:12
R99006C3C,P61728,V765342,入院,R99006C3C_C4,手术记录,4,2026-03-06 20:26:12,2026-03-06 20:32:12,神外_5260,2026-03-06 08:26:12
R99006C3C,P61728,V765342,入院,R99006C3C_C5,麻醉记录,5,2026-03-08 04:56:12,2026-03-08 05:25:12,放射_1398,2026-03-06 08:26:12
R99006C3C,P61728,V765342,入院,R99006C3C_C6,术后病程,6,2026-03-07 01:26:12,2026-03-07 01:54:12,检验_3464,2026-03-06 08:26:12
R99006C3C,P61728,V765342,入院,R99006C3C_C7,出院记录,7,2026-03-07 19:56:12,2026-03-07 20:47:12,急诊_8536,2026-03-06 08:26:12
R99006C3C,P61728,V765342,入院,R99006C3C_C8,知情同意,8,2026-03-07 11:26:12,2026-03-07 11:32:12,放射_3994,2026-03-06 08:26:12
R51515596,P63202,V894722,手术,R51515596_C1,入院记录,1,2026-03-30 11:46:26,2026-03-30 12:11:26,检验_8503,2026-03-30 13:46:26
R51515596,P63202,V894722,手术,R51515596_C2,首次病程,2,2026-04-01 05:46:26,2026-04-01 06:06:26,放射_4657,2026-03-30 13:46:26
R51515596,P63202,V894722,手术,R51515596_C3,日常病程,3,2026-04-01 10:16:26,2026-04-01 11:01:26,神外_6613,2026-03-30 13:46:26
R51515596,P63202,V894722,手术,R51515596_C4,手术记录,4,2026-04-01 12:46:26,2026-04-01 13:24:26,妇产_7463,2026-03-30 13:46:26
R51515596,P63202,V894722,手术,R51515596_C5,麻醉记录,5,2026-03-31 18:16:26,2026-03-31 19:09:26,急诊_5152,2026-03-30 13:46:26
R51515596,P63202,V894722,手术,R51515596_C6,术后病程,6,2026-03-31 01:46:26,2026-03-31 02:37:26,心内_8766,2026-03-30 13:46:26
R51515596,P63202,V894722,手术,R51515596_C7,出院记录,7,2026-03-31 17:16:26,2026-03-31 18:14:26,骨科_2041,2026-03-30 13:46:26
R51515596,P63202,V894722,手术,R51515596_C8,知情同意,8,2026-04-01 07:46:26,2026-04-01 08:00:26,放射_6375,2026-03-30 13:46:26
RE48AEA24,P99560,V313723,普通,RE48AEA24_C1,入院记录,1,2026-01-09 05:52:54,2026-01-09 06:21:54,检验_5370,2026-01-09 07:52:54
RE48AEA24,P99560,V313723,普通,RE48AEA24_C2,首次病程,2,2026-01-11 00:52:54,2026-01-11 01:35:54,心内_2529,2026-01-09 07:52:54
RE48AEA24,P99560,V313723,普通,RE48AEA24_C3,日常病程,3,2026-01-09 10:22:54,2026-01-09 10:52:54,急诊_3823,2026-01-09 07:52:54
RE48AEA24,P99560,V313723,普通,RE48AEA24_C4,手术记录,4,2026-01-10 15:52:54,2026-01-10 16:46:54,妇产_7529,2026-01-09 07:52:54
RE48AEA24,P99560,V313723,普通,RE48AEA24_C5,麻醉记录,5,2026-01-10 15:22:54,2026-01-10 16:15:54,急诊_8193,2026-01-09 07:52:54
RE48AEA24,P99560,V313723,普通,RE48AEA24_C6,术后病程,6,2026-01-10 18:52:54,2026-01-10 19:07:54,心内_1799,2026-01-09 07:52:54
RE48AEA24,P99560,V313723,普通,RE48AEA24_C7,出院记录,7,2026-01-11 03:22:54,2026-01-11 04:07:54,检验_5278,2026-01-09 07:52:54
RE48AEA24,P99560,V313723,普通,RE48AEA24_C8,知情同意,8,2026-01-11 05:52:54,2026-01-11 06:44:54,神外_1461,2026-01-09 07:52:54
R46FB7AF7,P16592,V991570,急诊,R46FB7AF7_C1,入院记录,1,2026-03-14 13:51:57,2026-03-14 14:00:57,心内_3324,2026-03-14 17:51:57
R46FB7AF7,P16592,V991570,急诊,R46FB7AF7_C2,首次病程,2,2026-03-15 05:51:57,2026-03-15 06:28:57,神外_5188,2026-03-14 17:51:57
R46FB7AF7,P16592,V991570,急诊,R46FB7AF7_C3,日常病程,3,2026-03-16 12:21:57,2026-03-16 12:39:57,放射_6766,2026-03-14 17:51:57
R46FB7AF7,P16592,V991570,急诊,R46FB7AF7_C4,手术记录,4,2026-03-15 22:51:57,2026-03-15 23:32:57,麻醉_1059,2026-03-14 17:51:57
R46FB7AF7,P16592,V991570,急诊,R46FB7AF7_C5,麻醉记录,5,2026-03-16 07:21:57,2026-03-16 07:56:57,检验_2964,2026-03-14 17:51:57
R46FB7AF7,P16592,V991570,急诊,R46FB7AF7_C6,术后病程,6,2026-03-14 21:51:57,2026-03-14 22:28:57,心内_6223,2026-03-14 17:51:57
R46FB7AF7,P16592,V991570,急诊,R46FB7AF7_C7,出院记录,7,2026-03-16 16:21:57,2026-03-16 16:38:57,神外_8545,2026-03-14 17:51:57
R46FB7AF7,P16592,V991570,急诊,R46FB7AF7_C8,知情同意,8,2026-03-16 10:51:57,2026-03-16 11:33:57,骨科_1670,2026-03-14 17:51:57
RF686BF1A,P85630,V639010,急诊,RF686BF1A_C1,入院记录,1,2026-03-19 16:40:41,2026-03-19 16:49:41,神外_1588,2026-03-19 20:40:41
RF686BF1A,P85630,V639010,急诊,RF686BF1A_C2,首次病程,2,2026-03-21 20:40:41,2026-03-21 21:15:41,妇产_4585,2026-03-19 20:40:41
RF686BF1A,P85630,V639010,急诊,RF686BF1A_C3,日常病程,3,2026-03-20 07:10:41,2026-03-20 07:49:41,妇产_4571,2026-03-19 20:40:41
RF686BF1A,P85630,V639010,急诊,RF686BF1A_C4,手术记录,4,2026-03-21 15:40:41,2026-03-21 16:30:41,妇产_4106,2026-03-19 20:40:41
RF686BF1A,P85630,V639010,急诊,RF686BF1A_C5,麻醉记录,5,2026-03-20 05:10:41,2026-03-20 05:23:41,儿科_6601,2026-03-19 20:40:41
RF686BF1A,P85630,V639010,急诊,RF686BF1A_C6,术后病程,6,2026-03-21 17:40:41,2026-03-21 18:29:41,神外_6742,2026-03-19 20:40:41
RF686BF1A,P85630,V639010,急诊,RF686BF1A_C7,出院记录,7,2026-03-21 11:10:41,2026-03-21 11:26:41,检验_1198,2026-03-19 20:40:41
RF686BF1A,P85630,V639010,急诊,RF686BF1A_C8,知情同意,8,2026-03-20 06:40:41,2026-03-20 07:27:41,妇产_3402,2026-03-19 20:40:41
RD511950D,P61192,V227200,急诊,RD511950D_C1,入院记录,1,2026-03-26 11:58:39,2026-03-26 12:07:39,心内_5338,2026-03-26 13:58:39
RD511950D,P61192,V227200,急诊,RD511950D_C2,首次病程,2,2026-03-26 18:58:39,2026-03-26 19:27:39,ICU_8002,2026-03-26 13:58:39
RD511950D,P61192,V227200,急诊,RD511950D_C3,日常病程,3,2026-03-27 02:28:39,2026-03-27 03:10:39,儿科_5037,2026-03-26 13:58:39
RD511950D,P61192,V227200,急诊,RD511950D_C4,手术记录,4,2026-03-26 17:58:39,2026-03-26 18:05:39,骨科_3448,2026-03-26 13:58:39
RD511950D,P61192,V227200,急诊,RD511950D_C5,麻醉记录,5,2026-03-27 16:28:39,2026-03-27 16:33:39,妇产_1424,2026-03-26 13:58:39
RD511950D,P61192,V227200,急诊,RD511950D_C6,术后病程,6,2026-03-27 06:58:39,2026-03-27 07:15:39,急诊_2360,2026-03-26 13:58:39
RD511950D,P61192,V227200,急诊,RD511950D_C7,出院记录,7,2026-03-27 08:28:39,2026-03-27 09:00:39,ICU_4737,2026-03-26 13:58:39
RD511950D,P61192,V227200,急诊,RD511950D_C8,知情同意,8,2026-03-27 13:58:39,2026-03-27 14:25:39,妇产_4380,2026-03-26 13:58:39
R6F829264,P16660,V351472,手术,R6F829264_C1,入院记录,1,2026-01-31 17:06:03,2026-01-31 17:13:03,放射_5790,2026-01-31 18:06:03
R6F829264,P16660,V351472,手术,R6F829264_C2,首次病程,2,2026-02-02 12:06:03,2026-02-02 12:38:03,骨科_2085,2026-01-31 18:06:03
R6F829264,P16660,V351472,手术,R6F829264_C3,日常病程,3,2026-02-01 13:36:03,2026-02-01 14:31:03,妇产_6266,2026-01-31 18:06:03
R6F829264,P16660,V351472,手术,R6F829264_C4,手术记录,4,2026-02-01 10:06:03,2026-02-01 10:29:03,检验_8284,2026-01-31 18:06:03
R6F829264,P16660,V351472,手术,R6F829264_C5,麻醉记录,5,2026-02-02 10:36:03,2026-02-02 10:43:03,妇产_8937,2026-01-31 18:06:03
R6F829264,P16660,V351472,手术,R6F829264_C6,术后病程,6,2026-01-31 21:06:03,2026-01-31 21:21:03,骨科_8838,2026-01-31 18:06:03
R6F829264,P16660,V351472,手术,R6F829264_C7,出院记录,7,2026-02-01 07:36:03,2026-02-01 07:58:03,放射_7521,2026-01-31 18:06:03
R6F829264,P16660,V351472,手术,R6F829264_C8,知情同意,8,2026-01-31 22:06:03,2026-01-31 22:37:03,儿科_3178,2026-01-31 18:06:03
RD808D50A,P92368,V296664,手术,RD808D50A_C1,入院记录,1,2026-01-29 04:37:26,2026-01-29 05:06:26,检验_2682,2026-01-29 07:37:26
RD808D50A,P92368,V296664,手术,RD808D50A_C2,首次病程,2,2026-01-29 08:37:26,2026-01-29 09:20:26,儿科_9444,2026-01-29 07:37:26
RD808D50A,P92368,V296664,手术,RD808D50A_C3,日常病程,3,2026-01-29 20:07:26,2026-01-29 20:31:26,儿科_7749,2026-01-29 07:37:26
RD808D50A,P92368,V296664,手术,RD808D50A_C4,手术记录,4,2026-01-29 23:37:26,2026-01-30 00:28:26,检验_6893,2026-01-29 07:37:26
RD808D50A,P92368,V296664,手术,RD808D50A_C5,麻醉记录,5,2026-01-29 13:07:26,2026-01-29 13:27:26,心内_5163,2026-01-29 07:37:26
RD808D50A,P92368,V296664,手术,RD808D50A_C6,术后病程,6,2026-01-30 21:37:26,2026-01-30 22:16:26,ICU_3347,2026-01-29 07:37:26
RD808D50A,P92368,V296664,手术,RD808D50A_C7,出院记录,7,2026-01-29 22:07:26,2026-01-29 22:20:26,心内_5044,2026-01-29 07:37:26
RD808D50A,P92368,V296664,手术,RD808D50A_C8,知情同意,8,2026-01-31 07:37:26,2026-01-31 08:36:26,放射_8356,2026-01-29 07:37:26
R084845C9,P62592,V487694,急诊,R084845C9_C1,入院记录,1,2026-01-27 13:42:03,2026-01-27 14:06:03,放射_7121,2026-01-27 14:42:03
R084845C9,P62592,V487694,急诊,R084845C9_C2,首次病程,2,2026-01-29 09:42:03,2026-01-29 10:40:03,骨科_5106,2026-01-27 14:42:03
R084845C9,P62592,V487694,急诊,R084845C9_C3,日常病程,3,2026-01-29 04:12:03,2026-01-29 04:40:03,放射_1085,2026-01-27 14:42:03
R084845C9,P62592,V487694,急诊,R084845C9_C4,手术记录,4,2026-01-28 18:42:03,2026-01-28 19:35:03,妇产_1316,2026-01-27 14:42:03
R084845C9,P62592,V487694,急诊,R084845C9_C5,麻醉记录,5,2026-01-29 02:12:03,2026-01-29 02:22:03,急诊_1893,2026-01-27 14:42:03
R084845C9,P62592,V487694,急诊,R084845C9_C6,术后病程,6,2026-01-27 22:42:03,2026-01-27 22:59:03,心内_5732,2026-01-27 14:42:03
R084845C9,P62592,V487694,急诊,R084845C9_C7,出院记录,7,2026-01-29 12:12:03,2026-01-29 12:38:03,急诊_4187,2026-01-27 14:42:03
R084845C9,P62592,V487694,急诊,R084845C9_C8,知情同意,8,2026-01-28 21:42:03,2026-01-28 22:07:03,放射_1674,2026-01-27 14:42:03
R6FCB0676,P84495,V144354,手术,R6FCB0676_C1,入院记录,1,2026-01-31 13:49:26,2026-01-31 13:54:26,儿科_5813,2026-01-31 14:49:26
R6FCB0676,P84495,V144354,手术,R6FCB0676_C2,首次病程,2,2026-01-31 21:49:26,2026-01-31 22:46:26,麻醉_1065,2026-01-31 14:49:26
R6FCB0676,P84495,V144354,手术,R6FCB0676_C3,日常病程,3,2026-02-01 18:19:26,2026-02-01 18:53:26,放射_5039,2026-01-31 14:49:26
R6FCB0676,P84495,V144354,手术,R6FCB0676_C4,手术记录,4,2026-02-01 21:49:26,2026-02-01 22:22:26,放射_3723,2026-01-31 14:49:26
R6FCB0676,P84495,V144354,手术,R6FCB0676_C5,麻醉记录,5,2026-02-02 15:19:26,2026-02-02 15:56:26,麻醉_8827,2026-01-31 14:49:26
R6FCB0676,P84495,V144354,手术,R6FCB0676_C6,术后病程,6,2026-01-31 21:49:26,2026-01-31 22:00:26,急诊_4753,2026-01-31 14:49:26
R6FCB0676,P84495,V144354,手术,R6FCB0676_C7,出院记录,7,2026-02-02 18:19:26,2026-02-02 18:30:26,妇产_7769,2026-01-31 14:49:26
R6FCB0676,P84495,V144354,手术,R6FCB0676_C8,知情同意,8,2026-02-02 07:49:26,2026-02-02 08:14:26,妇产_6413,2026-01-31 14:49:26
R5E189D4B,P78148,V541937,急诊,R5E189D4B_C1,入院记录,1,2026-03-20 09:22:56,2026-03-20 09:30:56,检验_6439,2026-03-20 12:22:56
R5E189D4B,P78148,V541937,急诊,R5E189D4B_C2,首次病程,2,2026-03-21 09:22:56,2026-03-21 10:17:56,儿科_8406,2026-03-20 12:22:56
R5E189D4B,P78148,V541937,急诊,R5E189D4B_C3,日常病程,3,2026-03-21 18:52:56,2026-03-21 19:13:56,检验_1011,2026-03-20 12:22:56
R5E189D4B,P78148,V541937,急诊,R5E189D4B_C4,手术记录,4,2026-03-21 14:22:56,2026-03-21 14:28:56,检验_1296,2026-03-20 12:22:56
R5E189D4B,P78148,V541937,急诊,R5E189D4B_C5,麻醉记录,5,2026-03-22 14:52:56,2026-03-22 15:18:56,骨科_7089,2026-03-20 12:22:56
R5E189D4B,P78148,V541937,急诊,R5E189D4B_C6,术后病程,6,2026-03-21 01:22:56,2026-03-21 01:35:56,神外_8038,2026-03-20 12:22:56
R5E189D4B,P78148,V541937,急诊,R5E189D4B_C7,出院记录,7,2026-03-22 03:52:56,2026-03-22 04:23:56,急诊_1010,2026-03-20 12:22:56
R5E189D4B,P78148,V541937,急诊,R5E189D4B_C8,知情同意,8,2026-03-21 22:22:56,2026-03-21 22:28:56,妇产_5740,2026-03-20 12:22:56
R5C731584,P19047,V834291,急诊,R5C731584_C1,入院记录,1,2026-02-15 15:05:56,2026-02-15 15:24:56,妇产_5715,2026-02-15 16:05:56
R5C731584,P19047,V834291,急诊,R5C731584_C2,首次病程,2,2026-02-16 06:05:56,2026-02-16 06:17:56,妇产_3500,2026-02-15 16:05:56
R5C731584,P19047,V834291,急诊,R5C731584_C3,日常病程,3,2026-02-17 17:35:56,2026-02-17 18:24:56,麻醉_2056,2026-02-15 16:05:56
R5C731584,P19047,V834291,急诊,R5C731584_C4,手术记录,4,2026-02-17 13:05:56,2026-02-17 13:23:56,ICU_7970,2026-02-15 16:05:56
R5C731584,P19047,V834291,急诊,R5C731584_C5,麻醉记录,5,2026-02-17 13:35:56,2026-02-17 13:50:56,骨科_4557,2026-02-15 16:05:56
R5C731584,P19047,V834291,急诊,R5C731584_C6,术后病程,6,2026-02-15 19:05:56,2026-02-15 19:49:56,心内_7957,2026-02-15 16:05:56
R5C731584,P19047,V834291,急诊,R5C731584_C7,出院记录,7,2026-02-17 04:35:56,2026-02-17 05:06:56,ICU_2902,2026-02-15 16:05:56
R5C731584,P19047,V834291,急诊,R5C731584_C8,知情同意,8,2026-02-17 02:05:56,2026-02-17 02:28:56,儿科_7640,2026-02-15 16:05:56
RE3ADDE01,P91263,V341384,入院,RE3ADDE01_C1,入院记录,1,2026-01-14 10:59:10,2026-01-14 11:10:10,麻醉_2845,2026-01-14 11:59:10
RE3ADDE01,P91263,V341384,入院,RE3ADDE01_C2,首次病程,2,2026-01-15 21:59:10,2026-01-15 22:52:10,检验_3662,2026-01-14 11:59:10
RE3ADDE01,P91263,V341384,入院,RE3ADDE01_C3,日常病程,3,2026-01-15 20:29:10,2026-01-15 21:09:10,放射_9569,2026-01-14 11:59:10
RE3ADDE01,P91263,V341384,入院,RE3ADDE01_C4,手术记录,4,2026-01-16 09:59:10,2026-01-16 10:26:10,儿科_9177,2026-01-14 11:59:10
RE3ADDE01,P91263,V341384,入院,RE3ADDE01_C5,麻醉记录,5,2026-01-16 08:29:10,2026-01-16 08:44:10,妇产_9312,2026-01-14 11:59:10
RE3ADDE01,P91263,V341384,入院,RE3ADDE01_C6,术后病程,6,2026-01-15 23:59:10,2026-01-16 00:57:10,骨科_8080,2026-01-14 11:59:10
RE3ADDE01,P91263,V341384,入院,RE3ADDE01_C7,出院记录,7,2026-01-15 10:29:10,2026-01-15 11:12:10,ICU_7378,2026-01-14 11:59:10
RE3ADDE01,P91263,V341384,入院,RE3ADDE01_C8,知情同意,8,2026-01-15 11:59:10,2026-01-15 12:26:10,ICU_7599,2026-01-14 11:59:10
RE572FD51,P63861,V185667,普通,RE572FD51_C1,入院记录,1,2026-02-01 15:34:51,2026-02-01 15:39:51,骨科_6412,2026-02-01 16:34:51
RE572FD51,P63861,V185667,普通,RE572FD51_C2,首次病程,2,2026-02-01 20:34:51,2026-02-01 21:21:51,麻醉_1150,2026-02-01 16:34:51
RE572FD51,P63861,V185667,普通,RE572FD51_C3,日常病程,3,2026-02-03 07:04:51,2026-02-03 07:54:51,放射_8986,2026-02-01 16:34:51
RE572FD51,P63861,V185667,普通,RE572FD51_C4,手术记录,4,2026-02-03 08:34:51,2026-02-03 09:07:51,儿科_3888,2026-02-01 16:34:51
RE572FD51,P63861,V185667,普通,RE572FD51_C5,麻醉记录,5,2026-02-02 05:04:51,2026-02-02 05:14:51,心内_2537,2026-02-01 16:34:51
RE572FD51,P63861,V185667,普通,RE572FD51_C6,术后病程,6,2026-02-02 15:34:51,2026-02-02 16:34:51,神外_2239,2026-02-01 16:34:51
RE572FD51,P63861,V185667,普通,RE572FD51_C7,出院记录,7,2026-02-03 09:04:51,2026-02-03 09:12:51,麻醉_2380,2026-02-01 16:34:51
RE572FD51,P63861,V185667,普通,RE572FD51_C8,知情同意,8,2026-02-03 18:34:51,2026-02-03 18:59:51,妇产_4517,2026-02-01 16:34:51
R260CF6D6,P36383,V809540,入院,R260CF6D6_C1,入院记录,1,2026-02-22 02:54:00,2026-02-22 03:01:00,麻醉_3623,2026-02-22 05:54:00
R260CF6D6,P36383,V809540,入院,R260CF6D6_C2,首次病程,2,2026-02-23 16:54:00,2026-02-23 17:49:00,ICU_4960,2026-02-22 05:54:00
R260CF6D6,P36383,V809540,入院,R260CF6D6_C3,日常病程,3,2026-02-23 12:24:00,2026-02-23 13:24:00,神外_4484,2026-02-22 05:54:00
R260CF6D6,P36383,V809540,入院,R260CF6D6_C4,手术记录,4,2026-02-23 06:54:00,2026-02-23 07:17:00,妇产_3485,2026-02-22 05:54:00
R260CF6D6,P36383,V809540,入院,R260CF6D6_C5,麻醉记录,5,2026-02-23 04:24:00,2026-02-23 04:58:00,ICU_5831,2026-02-22 05:54:00
R260CF6D6,P36383,V809540,入院,R260CF6D6_C6,术后病程,6,2026-02-24 02:54:00,2026-02-24 03:32:00,妇产_2878,2026-02-22 05:54:00
R260CF6D6,P36383,V809540,入院,R260CF6D6_C7,出院记录,7,2026-02-22 15:24:00,2026-02-22 16:20:00,心内_2546,2026-02-22 05:54:00
R260CF6D6,P36383,V809540,入院,R260CF6D6_C8,知情同意,8,2026-02-24 02:54:00,2026-02-24 03:00:00,神外_2950,2026-02-22 05:54:00
R6AD20778,P85439,V906881,入院,R6AD20778_C1,入院记录,1,2026-02-16 16:57:22,2026-02-16 17:05:22,神外_5839,2026-02-16 17:57:22
R6AD20778,P85439,V906881,入院,R6AD20778_C2,首次病程,2,2026-02-17 02:57:22,2026-02-17 03:09:22,骨科_1778,2026-02-16 17:57:22
R6AD20778,P85439,V906881,入院,R6AD20778_C3,日常病程,3,2026-02-18 08:27:22,2026-02-18 08:56:22,骨科_2077,2026-02-16 17:57:22
R6AD20778,P85439,V906881,入院,R6AD20778_C4,手术记录,4,2026-02-17 04:57:22,2026-02-17 05:20:22,心内_6190,2026-02-16 17:57:22
R6AD20778,P85439,V906881,入院,R6AD20778_C5,麻醉记录,5,2026-02-17 09:27:22,2026-02-17 10:15:22,ICU_9281,2026-02-16 17:57:22
R6AD20778,P85439,V906881,入院,R6AD20778_C6,术后病程,6,2026-02-18 12:57:22,2026-02-18 13:31:22,神外_4664,2026-02-16 17:57:22
R6AD20778,P85439,V906881,入院,R6AD20778_C7,出院记录,7,2026-02-18 13:27:22,2026-02-18 13:39:22,ICU_9255,2026-02-16 17:57:22
R6AD20778,P85439,V906881,入院,R6AD20778_C8,知情同意,8,2026-02-17 14:57:22,2026-02-17 15:33:22,儿科_9895,2026-02-16 17:57:22
R4FC2C846,P13662,V561344,手术,R4FC2C846_C1,入院记录,1,2026-02-06 07:55:20,2026-02-06 08:20:20,ICU_3157,2026-02-06 11:55:20
R4FC2C846,P13662,V561344,手术,R4FC2C846_C2,首次病程,2,2026-02-06 17:55:20,2026-02-06 18:19:20,急诊_9174,2026-02-06 11:55:20
R4FC2C846,P13662,V561344,手术,R4FC2C846_C3,日常病程,3,2026-02-07 13:25:20,2026-02-07 13:47:20,神外_1871,2026-02-06 11:55:20
R4FC2C846,P13662,V561344,手术,R4FC2C846_C4,手术记录,4,2026-02-07 00:55:20,2026-02-07 01:08:20,妇产_8701,2026-02-06 11:55:20
R4FC2C846,P13662,V561344,手术,R4FC2C846_C5,麻醉记录,5,2026-02-08 06:25:20,2026-02-08 06:34:20,骨科_4801,2026-02-06 11:55:20
R4FC2C846,P13662,V561344,手术,R4FC2C846_C6,术后病程,6,2026-02-08 07:55:20,2026-02-08 08:01:20,妇产_4916,2026-02-06 11:55:20
R4FC2C846,P13662,V561344,手术,R4FC2C846_C7,出院记录,7,2026-02-07 16:25:20,2026-02-07 16:45:20,放射_8235,2026-02-06 11:55:20
R4FC2C846,P13662,V561344,手术,R4FC2C846_C8,知情同意,8,2026-02-08 12:55:20,2026-02-08 13:02:20,心内_2188,2026-02-06 11:55:20
R6115C2A3,P39225,V627210,急诊,R6115C2A3_C1,入院记录,1,2026-03-31 08:58:45,2026-03-31 09:13:45,儿科_9473,2026-03-31 10:58:45
R6115C2A3,P39225,V627210,急诊,R6115C2A3_C2,首次病程,2,2026-04-01 18:58:45,2026-04-01 19:56:45,麻醉_9298,2026-03-31 10:58:45
R6115C2A3,P39225,V627210,急诊,R6115C2A3_C3,日常病程,3,2026-04-01 23:28:45,2026-04-01 23:37:45,检验_1231,2026-03-31 10:58:45
R6115C2A3,P39225,V627210,急诊,R6115C2A3_C4,手术记录,4,2026-04-02 11:58:45,2026-04-02 12:43:45,急诊_5552,2026-03-31 10:58:45
R6115C2A3,P39225,V627210,急诊,R6115C2A3_C5,麻醉记录,5,2026-04-01 08:28:45,2026-04-01 09:26:45,急诊_6797,2026-03-31 10:58:45
R6115C2A3,P39225,V627210,急诊,R6115C2A3_C6,术后病程,6,2026-04-02 01:58:45,2026-04-02 02:40:45,骨科_1678,2026-03-31 10:58:45
R6115C2A3,P39225,V627210,急诊,R6115C2A3_C7,出院记录,7,2026-04-01 09:28:45,2026-04-01 10:13:45,心内_3331,2026-03-31 10:58:45
R6115C2A3,P39225,V627210,急诊,R6115C2A3_C8,知情同意,8,2026-04-02 09:58:45,2026-04-02 10:12:45,神外_6375,2026-03-31 10:58:45
RAF423875,P70201,V232389,手术,RAF423875_C1,入院记录,1,2026-02-18 12:42:16,2026-02-18 13:06:16,检验_5636,2026-02-18 15:42:16
RAF423875,P70201,V232389,手术,RAF423875_C2,首次病程,2,2026-02-19 04:42:16,2026-02-19 05:14:16,检验_7516,2026-02-18 15:42:16
RAF423875,P70201,V232389,手术,RAF423875_C3,日常病程,3,2026-02-18 19:12:16,2026-02-18 19:28:16,儿科_3050,2026-02-18 15:42:16
RAF423875,P70201,V232389,手术,RAF423875_C4,手术记录,4,2026-02-20 13:42:16,2026-02-20 14:19:16,妇产_6893,2026-02-18 15:42:16
RAF423875,P70201,V232389,手术,RAF423875_C5,麻醉记录,5,2026-02-20 03:12:16,2026-02-20 03:49:16,儿科_6528,2026-02-18 15:42:16
RAF423875,P70201,V232389,手术,RAF423875_C6,术后病程,6,2026-02-18 22:42:16,2026-02-18 22:53:16,急诊_4781,2026-02-18 15:42:16
RAF423875,P70201,V232389,手术,RAF423875_C7,出院记录,7,2026-02-20 18:12:16,2026-02-20 19:04:16,妇产_1500,2026-02-18 15:42:16
RAF423875,P70201,V232389,手术,RAF423875_C8,知情同意,8,2026-02-18 22:42:16,2026-02-18 22:52:16,心内_6107,2026-02-18 15:42:16
R0A347496,P66123,V393525,手术,R0A347496_C1,入院记录,1,2026-03-13 08:33:55,2026-03-13 09:00:55,放射_6261,2026-03-13 10:33:55
R0A347496,P66123,V393525,手术,R0A347496_C2,首次病程,2,2026-03-14 08:33:55,2026-03-14 09:09:55,ICU_7712,2026-03-13 10:33:55
R0A347496,P66123,V393525,手术,R0A347496_C3,日常病程,3,2026-03-14 12:03:55,2026-03-14 12:48:55,急诊_3064,2026-03-13 10:33:55
R0A347496,P66123,V393525,手术,R0A347496_C4,手术记录,4,2026-03-14 01:33:55,2026-03-14 01:59:55,放射_8319,2026-03-13 10:33:55
R0A347496,P66123,V393525,手术,R0A347496_C5,麻醉记录,5,2026-03-15 07:03:55,2026-03-15 07:12:55,检验_9093,2026-03-13 10:33:55
R0A347496,P66123,V393525,手术,R0A347496_C6,术后病程,6,2026-03-15 00:33:55,2026-03-15 00:45:55,骨科_1937,2026-03-13 10:33:55
R0A347496,P66123,V393525,手术,R0A347496_C7,出院记录,7,2026-03-15 04:03:55,2026-03-15 04:57:55,检验_3357,2026-03-13 10:33:55
R0A347496,P66123,V393525,手术,R0A347496_C8,知情同意,8,2026-03-15 03:33:55,2026-03-15 04:20:55,ICU_9613,2026-03-13 10:33:55
R67DC39AB,P32254,V420613,急诊,R67DC39AB_C1,入院记录,1,2026-02-11 19:05:31,2026-02-11 19:26:31,检验_8680,2026-02-11 22:05:31
R67DC39AB,P32254,V420613,急诊,R67DC39AB_C2,首次病程,2,2026-02-13 23:05:31,2026-02-13 23:34:31,骨科_1177,2026-02-11 22:05:31
R67DC39AB,P32254,V420613,急诊,R67DC39AB_C3,日常病程,3,2026-02-13 20:35:31,2026-02-13 21:20:31,麻醉_8069,2026-02-11 22:05:31
R67DC39AB,P32254,V420613,急诊,R67DC39AB_C4,手术记录,4,2026-02-12 19:05:31,2026-02-12 20:03:31,ICU_4735,2026-02-11 22:05:31
R67DC39AB,P32254,V420613,急诊,R67DC39AB_C5,麻醉记录,5,2026-02-13 00:35:31,2026-02-13 01:13:31,放射_5880,2026-02-11 22:05:31
R67DC39AB,P32254,V420613,急诊,R67DC39AB_C6,术后病程,6,2026-02-13 03:05:31,2026-02-13 03:44:31,儿科_8796,2026-02-11 22:05:31
R67DC39AB,P32254,V420613,急诊,R67DC39AB_C7,出院记录,7,2026-02-13 23:35:31,2026-02-14 00:33:31,检验_8488,2026-02-11 22:05:31
R67DC39AB,P32254,V420613,急诊,R67DC39AB_C8,知情同意,8,2026-02-12 17:05:31,2026-02-12 17:54:31,心内_2120,2026-02-11 22:05:31
RCADC8ECB,P81568,V986490,手术,RCADC8ECB_C1,入院记录,1,2026-02-05 15:45:33,2026-02-05 16:06:33,心内_2248,2026-02-05 18:45:33
RCADC8ECB,P81568,V986490,手术,RCADC8ECB_C2,首次病程,2,2026-02-06 18:45:33,2026-02-06 19:09:33,骨科_6511,2026-02-05 18:45:33
RCADC8ECB,P81568,V986490,手术,RCADC8ECB_C3,日常病程,3,2026-02-05 22:15:33,2026-02-05 23:13:33,放射_2788,2026-02-05 18:45:33
RCADC8ECB,P81568,V986490,手术,RCADC8ECB_C4,手术记录,4,2026-02-06 04:45:33,2026-02-06 05:20:33,儿科_5556,2026-02-05 18:45:33
RCADC8ECB,P81568,V986490,手术,RCADC8ECB_C5,麻醉记录,5,2026-02-06 18:15:33,2026-02-06 19:07:33,骨科_9717,2026-02-05 18:45:33
RCADC8ECB,P81568,V986490,手术,RCADC8ECB_C6,术后病程,6,2026-02-07 19:45:33,2026-02-07 20:29:33,心内_3824,2026-02-05 18:45:33
RCADC8ECB,P81568,V986490,手术,RCADC8ECB_C7,出院记录,7,2026-02-06 09:15:33,2026-02-06 09:50:33,急诊_3012,2026-02-05 18:45:33
RCADC8ECB,P81568,V986490,手术,RCADC8ECB_C8,知情同意,8,2026-02-06 18:45:33,2026-02-06 19:04:33,ICU_8401,2026-02-05 18:45:33
REF6E4C6B,P58995,V867150,入院,REF6E4C6B_C1,入院记录,1,2026-03-08 18:02:27,2026-03-08 18:14:27,骨科_6971,2026-03-08 21:02:27
REF6E4C6B,P58995,V867150,入院,REF6E4C6B_C2,首次病程,2,2026-03-09 09:02:27,2026-03-09 09:24:27,神外_1497,2026-03-08 21:02:27
REF6E4C6B,P58995,V867150,入院,REF6E4C6B_C3,日常病程,3,2026-03-09 12:32:27,2026-03-09 13:18:27,神外_2205,2026-03-08 21:02:27
REF6E4C6B,P58995,V867150,入院,REF6E4C6B_C4,手术记录,4,2026-03-10 23:02:27,2026-03-10 23:39:27,神外_5224,2026-03-08 21:02:27
REF6E4C6B,P58995,V867150,入院,REF6E4C6B_C5,麻醉记录,5,2026-03-10 18:32:27,2026-03-10 18:40:27,妇产_9081,2026-03-08 21:02:27
REF6E4C6B,P58995,V867150,入院,REF6E4C6B_C6,术后病程,6,2026-03-09 12:02:27,2026-03-09 12:16:27,妇产_1355,2026-03-08 21:02:27
REF6E4C6B,P58995,V867150,入院,REF6E4C6B_C7,出院记录,7,2026-03-09 06:32:27,2026-03-09 07:19:27,心内_2739,2026-03-08 21:02:27
REF6E4C6B,P58995,V867150,入院,REF6E4C6B_C8,知情同意,8,2026-03-10 23:02:27,2026-03-10 23:38:27,麻醉_5403,2026-03-08 21:02:27
